-- Adminer 4.8.1 MySQL 10.3.28-MariaDB dump

SET NAMES utf8;
SET time_zone = '+00:00';
SET foreign_key_checks = 0;
SET sql_mode = 'NO_AUTO_VALUE_ON_ZERO';

DROP TABLE IF EXISTS `cities`;
CREATE TABLE `cities` (
  `id` int(11) NOT NULL AUTO_INCREMENT,
  `city` varchar(255) NOT NULL,
  `is_active` tinyint(4) NOT NULL DEFAULT 1 COMMENT '0:Inactive 1:Active',
  `state_id` int(11) NOT NULL,
  `deleted_at` timestamp NULL DEFAULT NULL,
  `created_at` timestamp NOT NULL DEFAULT '0000-00-00 00:00:00' ON UPDATE current_timestamp(),
  `updated_at` timestamp NULL DEFAULT NULL,
  PRIMARY KEY (`id`),
  KEY `state_id` (`state_id`)
) ENGINE=InnoDB DEFAULT CHARSET=utf8;

INSERT INTO `cities` (`id`, `city`, `is_active`, `state_id`, `deleted_at`, `created_at`, `updated_at`) VALUES
(1,	'North and Middle Andaman',	1,	32,	NULL,	'0000-00-00 00:00:00',	NULL),
(2,	'South Andaman',	1,	32,	NULL,	'0000-00-00 00:00:00',	NULL),
(3,	'Nicobar',	1,	32,	NULL,	'0000-00-00 00:00:00',	NULL),
(4,	'Adilabad',	1,	1,	NULL,	'0000-00-00 00:00:00',	NULL),
(5,	'Anantapur',	1,	1,	NULL,	'0000-00-00 00:00:00',	NULL),
(6,	'Chittoor',	1,	1,	NULL,	'0000-00-00 00:00:00',	NULL),
(7,	'East Godavari',	1,	1,	NULL,	'0000-00-00 00:00:00',	NULL),
(8,	'Guntur',	1,	1,	NULL,	'0000-00-00 00:00:00',	NULL),
(9,	'Hyderabad',	1,	1,	NULL,	'0000-00-00 00:00:00',	NULL),
(10,	'Kadapa',	1,	1,	NULL,	'0000-00-00 00:00:00',	NULL),
(11,	'Karimnagar',	1,	1,	NULL,	'0000-00-00 00:00:00',	NULL),
(12,	'Khammam',	1,	1,	NULL,	'0000-00-00 00:00:00',	NULL),
(13,	'Krishna',	1,	1,	NULL,	'0000-00-00 00:00:00',	NULL),
(14,	'Kurnool',	1,	1,	NULL,	'0000-00-00 00:00:00',	NULL),
(15,	'Mahbubnagar',	1,	1,	NULL,	'0000-00-00 00:00:00',	NULL),
(16,	'Medak',	1,	1,	NULL,	'0000-00-00 00:00:00',	NULL),
(17,	'Nalgonda',	1,	1,	NULL,	'0000-00-00 00:00:00',	NULL),
(18,	'Nellore',	1,	1,	NULL,	'0000-00-00 00:00:00',	NULL),
(19,	'Nizamabad',	1,	1,	NULL,	'0000-00-00 00:00:00',	NULL),
(20,	'Prakasam',	1,	1,	NULL,	'0000-00-00 00:00:00',	NULL),
(21,	'Rangareddi',	1,	1,	NULL,	'0000-00-00 00:00:00',	NULL),
(22,	'Srikakulam',	1,	1,	NULL,	'0000-00-00 00:00:00',	NULL),
(23,	'Vishakhapatnam',	1,	1,	NULL,	'0000-00-00 00:00:00',	NULL),
(24,	'Vizianagaram',	1,	1,	NULL,	'0000-00-00 00:00:00',	NULL),
(25,	'Warangal',	1,	1,	NULL,	'0000-00-00 00:00:00',	NULL),
(26,	'West Godavari',	1,	1,	NULL,	'0000-00-00 00:00:00',	NULL),
(27,	'Anjaw',	1,	3,	NULL,	'0000-00-00 00:00:00',	NULL),
(28,	'Changlang',	1,	3,	NULL,	'0000-00-00 00:00:00',	NULL),
(29,	'East Kameng',	1,	3,	NULL,	'0000-00-00 00:00:00',	NULL),
(30,	'Lohit',	1,	3,	NULL,	'0000-00-00 00:00:00',	NULL),
(31,	'Lower Subansiri',	1,	3,	NULL,	'0000-00-00 00:00:00',	NULL),
(32,	'Papum Pare',	1,	3,	NULL,	'0000-00-00 00:00:00',	NULL),
(33,	'Tirap',	1,	3,	NULL,	'0000-00-00 00:00:00',	NULL),
(34,	'Dibang Valley',	1,	3,	NULL,	'0000-00-00 00:00:00',	NULL),
(35,	'Upper Subansiri',	1,	3,	NULL,	'0000-00-00 00:00:00',	NULL),
(36,	'West Kameng',	1,	3,	NULL,	'0000-00-00 00:00:00',	NULL),
(37,	'Barpeta',	1,	2,	NULL,	'0000-00-00 00:00:00',	NULL),
(38,	'Bongaigaon',	1,	2,	NULL,	'0000-00-00 00:00:00',	NULL),
(39,	'Cachar',	1,	2,	NULL,	'0000-00-00 00:00:00',	NULL),
(40,	'Darrang',	1,	2,	NULL,	'0000-00-00 00:00:00',	NULL),
(41,	'Dhemaji',	1,	2,	NULL,	'0000-00-00 00:00:00',	NULL),
(42,	'Dhubri',	1,	2,	NULL,	'0000-00-00 00:00:00',	NULL),
(43,	'Dibrugarh',	1,	2,	NULL,	'0000-00-00 00:00:00',	NULL),
(44,	'Goalpara',	1,	2,	NULL,	'0000-00-00 00:00:00',	NULL),
(45,	'Golaghat',	1,	2,	NULL,	'0000-00-00 00:00:00',	NULL),
(46,	'Hailakandi',	1,	2,	NULL,	'0000-00-00 00:00:00',	NULL),
(47,	'Jorhat',	1,	2,	NULL,	'0000-00-00 00:00:00',	NULL),
(48,	'Karbi Anglong',	1,	2,	NULL,	'0000-00-00 00:00:00',	NULL),
(49,	'Karimganj',	1,	2,	NULL,	'0000-00-00 00:00:00',	NULL),
(50,	'Kokrajhar',	1,	2,	NULL,	'0000-00-00 00:00:00',	NULL),
(51,	'Lakhimpur',	1,	2,	NULL,	'0000-00-00 00:00:00',	NULL),
(52,	'Marigaon',	1,	2,	NULL,	'0000-00-00 00:00:00',	NULL),
(53,	'Nagaon',	1,	2,	NULL,	'0000-00-00 00:00:00',	NULL),
(54,	'Nalbari',	1,	2,	NULL,	'0000-00-00 00:00:00',	NULL),
(55,	'North Cachar Hills',	1,	2,	NULL,	'0000-00-00 00:00:00',	NULL),
(56,	'Sibsagar',	1,	2,	NULL,	'0000-00-00 00:00:00',	NULL),
(57,	'Sonitpur',	1,	2,	NULL,	'0000-00-00 00:00:00',	NULL),
(58,	'Tinsukia',	1,	2,	NULL,	'0000-00-00 00:00:00',	NULL),
(59,	'Araria',	1,	4,	NULL,	'0000-00-00 00:00:00',	NULL),
(60,	'Aurangabad',	1,	4,	NULL,	'0000-00-00 00:00:00',	NULL),
(61,	'Banka',	1,	4,	NULL,	'0000-00-00 00:00:00',	NULL),
(62,	'Begusarai',	1,	4,	NULL,	'0000-00-00 00:00:00',	NULL),
(63,	'Bhagalpur',	1,	4,	NULL,	'0000-00-00 00:00:00',	NULL),
(64,	'Bhojpur',	1,	4,	NULL,	'0000-00-00 00:00:00',	NULL),
(65,	'Buxar',	1,	4,	NULL,	'0000-00-00 00:00:00',	NULL),
(66,	'Darbhanga',	1,	4,	NULL,	'0000-00-00 00:00:00',	NULL),
(67,	'Purba Champaran',	1,	4,	NULL,	'0000-00-00 00:00:00',	NULL),
(68,	'Gaya',	1,	4,	NULL,	'0000-00-00 00:00:00',	NULL),
(69,	'Gopalganj',	1,	4,	NULL,	'0000-00-00 00:00:00',	NULL),
(70,	'Jamui',	1,	4,	NULL,	'0000-00-00 00:00:00',	NULL),
(71,	'Jehanabad',	1,	4,	NULL,	'0000-00-00 00:00:00',	NULL),
(72,	'Khagaria',	1,	4,	NULL,	'0000-00-00 00:00:00',	NULL),
(73,	'Kishanganj',	1,	4,	NULL,	'0000-00-00 00:00:00',	NULL),
(74,	'Kaimur',	1,	4,	NULL,	'0000-00-00 00:00:00',	NULL),
(75,	'Katihar',	1,	4,	NULL,	'0000-00-00 00:00:00',	NULL),
(76,	'Lakhisarai',	1,	4,	NULL,	'0000-00-00 00:00:00',	NULL),
(77,	'Madhubani',	1,	4,	NULL,	'0000-00-00 00:00:00',	NULL),
(78,	'Munger',	1,	4,	NULL,	'0000-00-00 00:00:00',	NULL),
(79,	'Madhepura',	1,	4,	NULL,	'0000-00-00 00:00:00',	NULL),
(80,	'Muzaffarpur',	1,	4,	NULL,	'0000-00-00 00:00:00',	NULL),
(81,	'Nalanda',	1,	4,	NULL,	'0000-00-00 00:00:00',	NULL),
(82,	'Nawada',	1,	4,	NULL,	'0000-00-00 00:00:00',	NULL),
(83,	'Patna',	1,	4,	NULL,	'0000-00-00 00:00:00',	NULL),
(84,	'Purnia',	1,	4,	NULL,	'0000-00-00 00:00:00',	NULL),
(85,	'Rohtas',	1,	4,	NULL,	'0000-00-00 00:00:00',	NULL),
(86,	'Saharsa',	1,	4,	NULL,	'0000-00-00 00:00:00',	NULL),
(87,	'Samastipur',	1,	4,	NULL,	'0000-00-00 00:00:00',	NULL),
(88,	'Sheohar',	1,	4,	NULL,	'0000-00-00 00:00:00',	NULL),
(89,	'Sheikhpura',	1,	4,	NULL,	'0000-00-00 00:00:00',	NULL),
(90,	'Saran',	1,	4,	NULL,	'0000-00-00 00:00:00',	NULL),
(91,	'Sitamarhi',	1,	4,	NULL,	'0000-00-00 00:00:00',	NULL),
(92,	'Supaul',	1,	4,	NULL,	'0000-00-00 00:00:00',	NULL),
(93,	'Siwan',	1,	4,	NULL,	'0000-00-00 00:00:00',	NULL),
(94,	'Vaishali',	1,	4,	NULL,	'0000-00-00 00:00:00',	NULL),
(95,	'Pashchim Champaran',	1,	4,	NULL,	'0000-00-00 00:00:00',	NULL),
(96,	'Bastar',	1,	36,	NULL,	'0000-00-00 00:00:00',	NULL),
(97,	'Bilaspur',	1,	36,	NULL,	'0000-00-00 00:00:00',	NULL),
(98,	'Dantewada',	1,	36,	NULL,	'0000-00-00 00:00:00',	NULL),
(99,	'Dhamtari',	1,	36,	NULL,	'0000-00-00 00:00:00',	NULL),
(100,	'Durg',	1,	36,	NULL,	'0000-00-00 00:00:00',	NULL),
(101,	'Jashpur',	1,	36,	NULL,	'0000-00-00 00:00:00',	NULL),
(102,	'Janjgir-Champa',	1,	36,	NULL,	'0000-00-00 00:00:00',	NULL),
(103,	'Korba',	1,	36,	NULL,	'0000-00-00 00:00:00',	NULL),
(104,	'Koriya',	1,	36,	NULL,	'0000-00-00 00:00:00',	NULL),
(105,	'Kanker',	1,	36,	NULL,	'0000-00-00 00:00:00',	NULL),
(106,	'Kawardha',	1,	36,	NULL,	'0000-00-00 00:00:00',	NULL),
(107,	'Mahasamund',	1,	36,	NULL,	'0000-00-00 00:00:00',	NULL),
(108,	'Raigarh',	1,	36,	NULL,	'0000-00-00 00:00:00',	NULL),
(109,	'Rajnandgaon',	1,	36,	NULL,	'0000-00-00 00:00:00',	NULL),
(110,	'Raipur',	1,	36,	NULL,	'0000-00-00 00:00:00',	NULL),
(111,	'Surguja',	1,	36,	NULL,	'0000-00-00 00:00:00',	NULL),
(112,	'Diu',	1,	29,	NULL,	'0000-00-00 00:00:00',	NULL),
(113,	'Daman',	1,	29,	NULL,	'0000-00-00 00:00:00',	NULL),
(114,	'Central Delhi',	1,	25,	NULL,	'0000-00-00 00:00:00',	NULL),
(115,	'East Delhi',	1,	25,	NULL,	'0000-00-00 00:00:00',	NULL),
(116,	'New Delhi',	1,	25,	NULL,	'0000-00-00 00:00:00',	NULL),
(117,	'North Delhi',	1,	25,	NULL,	'0000-00-00 00:00:00',	NULL),
(118,	'North East Delhi',	1,	25,	NULL,	'0000-00-00 00:00:00',	NULL),
(119,	'North West Delhi',	1,	25,	NULL,	'0000-00-00 00:00:00',	NULL),
(120,	'South Delhi',	1,	25,	NULL,	'0000-00-00 00:00:00',	NULL),
(121,	'South West Delhi',	1,	25,	NULL,	'0000-00-00 00:00:00',	NULL),
(122,	'West Delhi',	1,	25,	NULL,	'0000-00-00 00:00:00',	NULL),
(123,	'North Goa',	1,	26,	NULL,	'0000-00-00 00:00:00',	NULL),
(124,	'South Goa',	1,	26,	NULL,	'0000-00-00 00:00:00',	NULL),
(125,	'Ahmedabad',	1,	5,	NULL,	'0000-00-00 00:00:00',	NULL),
(126,	'Amreli District',	1,	5,	NULL,	'0000-00-00 00:00:00',	NULL),
(127,	'Anand',	1,	5,	NULL,	'0000-00-00 00:00:00',	NULL),
(128,	'Banaskantha',	1,	5,	NULL,	'0000-00-00 00:00:00',	NULL),
(129,	'Bharuch',	1,	5,	NULL,	'0000-00-00 00:00:00',	NULL),
(130,	'Bhavnagar',	1,	5,	NULL,	'0000-00-00 00:00:00',	NULL),
(131,	'Dahod',	1,	5,	NULL,	'0000-00-00 00:00:00',	NULL),
(132,	'The Dangs',	1,	5,	NULL,	'0000-00-00 00:00:00',	NULL),
(133,	'Gandhinagar',	1,	5,	NULL,	'0000-00-00 00:00:00',	NULL),
(134,	'Jamnagar',	1,	5,	NULL,	'0000-00-00 00:00:00',	NULL),
(135,	'Junagadh',	1,	5,	NULL,	'0000-00-00 00:00:00',	NULL),
(136,	'Kutch',	1,	5,	NULL,	'0000-00-00 00:00:00',	NULL),
(137,	'Kheda',	1,	5,	NULL,	'0000-00-00 00:00:00',	NULL),
(138,	'Mehsana',	1,	5,	NULL,	'0000-00-00 00:00:00',	NULL),
(139,	'Narmada',	1,	5,	NULL,	'0000-00-00 00:00:00',	NULL),
(140,	'Navsari',	1,	5,	NULL,	'0000-00-00 00:00:00',	NULL),
(141,	'Patan',	1,	5,	NULL,	'0000-00-00 00:00:00',	NULL),
(142,	'Panchmahal',	1,	5,	NULL,	'0000-00-00 00:00:00',	NULL),
(143,	'Porbandar',	1,	5,	NULL,	'0000-00-00 00:00:00',	NULL),
(144,	'Rajkot',	1,	5,	NULL,	'0000-00-00 00:00:00',	NULL),
(145,	'Sabarkantha',	1,	5,	NULL,	'0000-00-00 00:00:00',	NULL),
(146,	'Surendranagar',	1,	5,	NULL,	'0000-00-00 00:00:00',	NULL),
(147,	'Surat',	1,	5,	NULL,	'0000-00-00 00:00:00',	NULL),
(148,	'Vadodara',	1,	5,	NULL,	'0000-00-00 00:00:00',	NULL),
(149,	'Valsad',	1,	5,	NULL,	'0000-00-00 00:00:00',	NULL),
(150,	'Ambala',	1,	6,	NULL,	'0000-00-00 00:00:00',	NULL),
(151,	'Bhiwani',	1,	6,	NULL,	'0000-00-00 00:00:00',	NULL),
(152,	'Faridabad',	1,	6,	NULL,	'0000-00-00 00:00:00',	NULL),
(153,	'Fatehabad',	1,	6,	NULL,	'0000-00-00 00:00:00',	NULL),
(154,	'Gurgaon',	1,	6,	NULL,	'0000-00-00 00:00:00',	NULL),
(155,	'Hissar',	1,	6,	NULL,	'0000-00-00 00:00:00',	NULL),
(156,	'Jhajjar',	1,	6,	NULL,	'0000-00-00 00:00:00',	NULL),
(157,	'Jind',	1,	6,	NULL,	'0000-00-00 00:00:00',	NULL),
(158,	'Karnal',	1,	6,	NULL,	'0000-00-00 00:00:00',	NULL),
(159,	'Kaithal',	1,	6,	NULL,	'0000-00-00 00:00:00',	NULL),
(160,	'Kurukshetra',	1,	6,	NULL,	'0000-00-00 00:00:00',	NULL),
(161,	'Mahendragarh',	1,	6,	NULL,	'0000-00-00 00:00:00',	NULL),
(162,	'Mewat',	1,	6,	NULL,	'0000-00-00 00:00:00',	NULL),
(163,	'Panchkula',	1,	6,	NULL,	'0000-00-00 00:00:00',	NULL),
(164,	'Panipat',	1,	6,	NULL,	'0000-00-00 00:00:00',	NULL),
(165,	'Rewari',	1,	6,	NULL,	'0000-00-00 00:00:00',	NULL),
(166,	'Rohtak',	1,	6,	NULL,	'0000-00-00 00:00:00',	NULL),
(167,	'Sirsa',	1,	6,	NULL,	'0000-00-00 00:00:00',	NULL),
(168,	'Sonepat',	1,	6,	NULL,	'0000-00-00 00:00:00',	NULL),
(169,	'Yamuna Nagar',	1,	6,	NULL,	'0000-00-00 00:00:00',	NULL),
(170,	'Palwal',	1,	6,	NULL,	'0000-00-00 00:00:00',	NULL),
(171,	'Bilaspur',	1,	7,	NULL,	'0000-00-00 00:00:00',	NULL),
(172,	'Chamba',	1,	7,	NULL,	'0000-00-00 00:00:00',	NULL),
(173,	'Hamirpur',	1,	7,	NULL,	'0000-00-00 00:00:00',	NULL),
(174,	'Kangra',	1,	7,	NULL,	'0000-00-00 00:00:00',	NULL),
(175,	'Kinnaur',	1,	7,	NULL,	'0000-00-00 00:00:00',	NULL),
(176,	'Kulu',	1,	7,	NULL,	'0000-00-00 00:00:00',	NULL),
(177,	'Lahaul and Spiti',	1,	7,	NULL,	'0000-00-00 00:00:00',	NULL),
(178,	'Mandi',	1,	7,	NULL,	'0000-00-00 00:00:00',	NULL),
(179,	'Shimla',	1,	7,	NULL,	'0000-00-00 00:00:00',	NULL),
(180,	'Sirmaur',	1,	7,	NULL,	'0000-00-00 00:00:00',	NULL),
(181,	'Solan',	1,	7,	NULL,	'0000-00-00 00:00:00',	NULL),
(182,	'Una',	1,	7,	NULL,	'0000-00-00 00:00:00',	NULL),
(183,	'Anantnag',	1,	8,	NULL,	'0000-00-00 00:00:00',	NULL),
(184,	'Badgam',	1,	8,	NULL,	'0000-00-00 00:00:00',	NULL),
(185,	'Bandipore',	1,	8,	NULL,	'0000-00-00 00:00:00',	NULL),
(186,	'Baramula',	1,	8,	NULL,	'0000-00-00 00:00:00',	NULL),
(187,	'Doda',	1,	8,	NULL,	'0000-00-00 00:00:00',	NULL),
(188,	'Jammu',	1,	8,	NULL,	'0000-00-00 00:00:00',	NULL),
(189,	'Kargil',	1,	8,	NULL,	'0000-00-00 00:00:00',	NULL),
(190,	'Kathua',	1,	8,	NULL,	'0000-00-00 00:00:00',	NULL),
(191,	'Kupwara',	1,	8,	NULL,	'0000-00-00 00:00:00',	NULL),
(192,	'Leh',	1,	8,	NULL,	'0000-00-00 00:00:00',	NULL),
(193,	'Poonch',	1,	8,	NULL,	'0000-00-00 00:00:00',	NULL),
(194,	'Pulwama',	1,	8,	NULL,	'0000-00-00 00:00:00',	NULL),
(195,	'Rajauri',	1,	8,	NULL,	'0000-00-00 00:00:00',	NULL),
(196,	'Srinagar',	1,	8,	NULL,	'0000-00-00 00:00:00',	NULL),
(197,	'Samba',	1,	8,	NULL,	'0000-00-00 00:00:00',	NULL),
(198,	'Udhampur',	1,	8,	NULL,	'0000-00-00 00:00:00',	NULL),
(199,	'Bokaro',	1,	34,	NULL,	'0000-00-00 00:00:00',	NULL),
(200,	'Chatra',	1,	34,	NULL,	'0000-00-00 00:00:00',	NULL),
(201,	'Deoghar',	1,	34,	NULL,	'0000-00-00 00:00:00',	NULL),
(202,	'Dhanbad',	1,	34,	NULL,	'0000-00-00 00:00:00',	NULL),
(203,	'Dumka',	1,	34,	NULL,	'0000-00-00 00:00:00',	NULL),
(204,	'Purba Singhbhum',	1,	34,	NULL,	'0000-00-00 00:00:00',	NULL),
(205,	'Garhwa',	1,	34,	NULL,	'0000-00-00 00:00:00',	NULL),
(206,	'Giridih',	1,	34,	NULL,	'0000-00-00 00:00:00',	NULL),
(207,	'Godda',	1,	34,	NULL,	'0000-00-00 00:00:00',	NULL),
(208,	'Gumla',	1,	34,	NULL,	'0000-00-00 00:00:00',	NULL),
(209,	'Hazaribagh',	1,	34,	NULL,	'0000-00-00 00:00:00',	NULL),
(210,	'Koderma',	1,	34,	NULL,	'0000-00-00 00:00:00',	NULL),
(211,	'Lohardaga',	1,	34,	NULL,	'0000-00-00 00:00:00',	NULL),
(212,	'Pakur',	1,	34,	NULL,	'0000-00-00 00:00:00',	NULL),
(213,	'Palamu',	1,	34,	NULL,	'0000-00-00 00:00:00',	NULL),
(214,	'Ranchi',	1,	34,	NULL,	'0000-00-00 00:00:00',	NULL),
(215,	'Sahibganj',	1,	34,	NULL,	'0000-00-00 00:00:00',	NULL),
(216,	'Seraikela and Kharsawan',	1,	34,	NULL,	'0000-00-00 00:00:00',	NULL),
(217,	'Pashchim Singhbhum',	1,	34,	NULL,	'0000-00-00 00:00:00',	NULL),
(218,	'Ramgarh',	1,	34,	NULL,	'0000-00-00 00:00:00',	NULL),
(219,	'Bidar',	1,	9,	NULL,	'0000-00-00 00:00:00',	NULL),
(220,	'Belgaum',	1,	9,	NULL,	'0000-00-00 00:00:00',	NULL),
(221,	'Bijapur',	1,	9,	NULL,	'0000-00-00 00:00:00',	NULL),
(222,	'Bagalkot',	1,	9,	NULL,	'0000-00-00 00:00:00',	NULL),
(223,	'Bellary',	1,	9,	NULL,	'0000-00-00 00:00:00',	NULL),
(224,	'Bangalore Rural District',	1,	9,	NULL,	'0000-00-00 00:00:00',	NULL),
(225,	'Bangalore Urban District',	1,	9,	NULL,	'0000-00-00 00:00:00',	NULL),
(226,	'Chamarajnagar',	1,	9,	NULL,	'0000-00-00 00:00:00',	NULL),
(227,	'Chikmagalur',	1,	9,	NULL,	'0000-00-00 00:00:00',	NULL),
(228,	'Chitradurga',	1,	9,	NULL,	'0000-00-00 00:00:00',	NULL),
(229,	'Davanagere',	1,	9,	NULL,	'0000-00-00 00:00:00',	NULL),
(230,	'Dharwad',	1,	9,	NULL,	'0000-00-00 00:00:00',	NULL),
(231,	'Dakshina Kannada',	1,	9,	NULL,	'0000-00-00 00:00:00',	NULL),
(232,	'Gadag',	1,	9,	NULL,	'0000-00-00 00:00:00',	NULL),
(233,	'Gulbarga',	1,	9,	NULL,	'0000-00-00 00:00:00',	NULL),
(234,	'Hassan',	1,	9,	NULL,	'0000-00-00 00:00:00',	NULL),
(235,	'Haveri District',	1,	9,	NULL,	'0000-00-00 00:00:00',	NULL),
(236,	'Kodagu',	1,	9,	NULL,	'0000-00-00 00:00:00',	NULL),
(237,	'Kolar',	1,	9,	NULL,	'0000-00-00 00:00:00',	NULL),
(238,	'Koppal',	1,	9,	NULL,	'0000-00-00 00:00:00',	NULL),
(239,	'Mandya',	1,	9,	NULL,	'0000-00-00 00:00:00',	NULL),
(240,	'Mysore',	1,	9,	NULL,	'0000-00-00 00:00:00',	NULL),
(241,	'Raichur',	1,	9,	NULL,	'0000-00-00 00:00:00',	NULL),
(242,	'Shimoga',	1,	9,	NULL,	'0000-00-00 00:00:00',	NULL),
(243,	'Tumkur',	1,	9,	NULL,	'0000-00-00 00:00:00',	NULL),
(244,	'Udupi',	1,	9,	NULL,	'0000-00-00 00:00:00',	NULL),
(245,	'Uttara Kannada',	1,	9,	NULL,	'0000-00-00 00:00:00',	NULL),
(246,	'Ramanagara',	1,	9,	NULL,	'0000-00-00 00:00:00',	NULL),
(247,	'Chikballapur',	1,	9,	NULL,	'0000-00-00 00:00:00',	NULL),
(248,	'Yadagiri',	1,	9,	NULL,	'0000-00-00 00:00:00',	NULL),
(249,	'Alappuzha',	1,	10,	NULL,	'0000-00-00 00:00:00',	NULL),
(250,	'Ernakulam',	1,	10,	NULL,	'0000-00-00 00:00:00',	NULL),
(251,	'Idukki',	1,	10,	NULL,	'0000-00-00 00:00:00',	NULL),
(252,	'Kollam',	1,	10,	NULL,	'0000-00-00 00:00:00',	NULL),
(253,	'Kannur',	1,	10,	NULL,	'0000-00-00 00:00:00',	NULL),
(254,	'Kasaragod',	1,	10,	NULL,	'0000-00-00 00:00:00',	NULL),
(255,	'Kottayam',	1,	10,	NULL,	'0000-00-00 00:00:00',	NULL),
(256,	'Kozhikode',	1,	10,	NULL,	'0000-00-00 00:00:00',	NULL),
(257,	'Malappuram',	1,	10,	NULL,	'0000-00-00 00:00:00',	NULL),
(258,	'Palakkad',	1,	10,	NULL,	'0000-00-00 00:00:00',	NULL),
(259,	'Pathanamthitta',	1,	10,	NULL,	'0000-00-00 00:00:00',	NULL),
(260,	'Thrissur',	1,	10,	NULL,	'0000-00-00 00:00:00',	NULL),
(261,	'Thiruvananthapuram',	1,	10,	NULL,	'0000-00-00 00:00:00',	NULL),
(262,	'Wayanad',	1,	10,	NULL,	'0000-00-00 00:00:00',	NULL),
(263,	'Alirajpur',	1,	11,	NULL,	'0000-00-00 00:00:00',	NULL),
(264,	'Anuppur',	1,	11,	NULL,	'0000-00-00 00:00:00',	NULL),
(265,	'Ashok Nagar',	1,	11,	NULL,	'0000-00-00 00:00:00',	NULL),
(266,	'Balaghat',	1,	11,	NULL,	'0000-00-00 00:00:00',	NULL),
(267,	'Barwani',	1,	11,	NULL,	'0000-00-00 00:00:00',	NULL),
(268,	'Betul',	1,	11,	NULL,	'0000-00-00 00:00:00',	NULL),
(269,	'Bhind',	1,	11,	NULL,	'0000-00-00 00:00:00',	NULL),
(270,	'Bhopal',	1,	11,	NULL,	'0000-00-00 00:00:00',	NULL),
(271,	'Burhanpur',	1,	11,	NULL,	'0000-00-00 00:00:00',	NULL),
(272,	'Chhatarpur',	1,	11,	NULL,	'0000-00-00 00:00:00',	NULL),
(273,	'Chhindwara',	1,	11,	NULL,	'0000-00-00 00:00:00',	NULL),
(274,	'Damoh',	1,	11,	NULL,	'0000-00-00 00:00:00',	NULL),
(275,	'Datia',	1,	11,	NULL,	'0000-00-00 00:00:00',	NULL),
(276,	'Dewas',	1,	11,	NULL,	'0000-00-00 00:00:00',	NULL),
(277,	'Dhar',	1,	11,	NULL,	'0000-00-00 00:00:00',	NULL),
(278,	'Dindori',	1,	11,	NULL,	'0000-00-00 00:00:00',	NULL),
(279,	'Guna',	1,	11,	NULL,	'0000-00-00 00:00:00',	NULL),
(280,	'Gwalior',	1,	11,	NULL,	'0000-00-00 00:00:00',	NULL),
(281,	'Harda',	1,	11,	NULL,	'0000-00-00 00:00:00',	NULL),
(282,	'Hoshangabad',	1,	11,	NULL,	'0000-00-00 00:00:00',	NULL),
(283,	'Indore',	1,	11,	NULL,	'0000-00-00 00:00:00',	NULL),
(284,	'Jabalpur',	1,	11,	NULL,	'0000-00-00 00:00:00',	NULL),
(285,	'Jhabua',	1,	11,	NULL,	'0000-00-00 00:00:00',	NULL),
(286,	'Katni',	1,	11,	NULL,	'0000-00-00 00:00:00',	NULL),
(287,	'Khandwa',	1,	11,	NULL,	'0000-00-00 00:00:00',	NULL),
(288,	'Khargone',	1,	11,	NULL,	'0000-00-00 00:00:00',	NULL),
(289,	'Mandla',	1,	11,	NULL,	'0000-00-00 00:00:00',	NULL),
(290,	'Mandsaur',	1,	11,	NULL,	'0000-00-00 00:00:00',	NULL),
(291,	'Morena',	1,	11,	NULL,	'0000-00-00 00:00:00',	NULL),
(292,	'Narsinghpur',	1,	11,	NULL,	'0000-00-00 00:00:00',	NULL),
(293,	'Neemuch',	1,	11,	NULL,	'0000-00-00 00:00:00',	NULL),
(294,	'Panna',	1,	11,	NULL,	'0000-00-00 00:00:00',	NULL),
(295,	'Rewa',	1,	11,	NULL,	'0000-00-00 00:00:00',	NULL),
(296,	'Rajgarh',	1,	11,	NULL,	'0000-00-00 00:00:00',	NULL),
(297,	'Ratlam',	1,	11,	NULL,	'0000-00-00 00:00:00',	NULL),
(298,	'Raisen',	1,	11,	NULL,	'0000-00-00 00:00:00',	NULL),
(299,	'Sagar',	1,	11,	NULL,	'0000-00-00 00:00:00',	NULL),
(300,	'Satna',	1,	11,	NULL,	'0000-00-00 00:00:00',	NULL),
(301,	'Sehore',	1,	11,	NULL,	'0000-00-00 00:00:00',	NULL),
(302,	'Seoni',	1,	11,	NULL,	'0000-00-00 00:00:00',	NULL),
(303,	'Shahdol',	1,	11,	NULL,	'0000-00-00 00:00:00',	NULL),
(304,	'Shajapur',	1,	11,	NULL,	'0000-00-00 00:00:00',	NULL),
(305,	'Sheopur',	1,	11,	NULL,	'0000-00-00 00:00:00',	NULL),
(306,	'Shivpuri',	1,	11,	NULL,	'0000-00-00 00:00:00',	NULL),
(307,	'Sidhi',	1,	11,	NULL,	'0000-00-00 00:00:00',	NULL),
(308,	'Singrauli',	1,	11,	NULL,	'0000-00-00 00:00:00',	NULL),
(309,	'Tikamgarh',	1,	11,	NULL,	'0000-00-00 00:00:00',	NULL),
(310,	'Ujjain',	1,	11,	NULL,	'0000-00-00 00:00:00',	NULL),
(311,	'Umaria',	1,	11,	NULL,	'0000-00-00 00:00:00',	NULL),
(312,	'Vidisha',	1,	11,	NULL,	'0000-00-00 00:00:00',	NULL),
(313,	'Ahmednagar',	1,	12,	NULL,	'0000-00-00 00:00:00',	NULL),
(314,	'Akola',	1,	12,	NULL,	'0000-00-00 00:00:00',	NULL),
(315,	'Amrawati',	1,	12,	NULL,	'0000-00-00 00:00:00',	NULL),
(316,	'Aurangabad',	1,	12,	NULL,	'0000-00-00 00:00:00',	NULL),
(317,	'Bhandara',	1,	12,	NULL,	'0000-00-00 00:00:00',	NULL),
(318,	'Beed',	1,	12,	NULL,	'0000-00-00 00:00:00',	NULL),
(319,	'Buldhana',	1,	12,	NULL,	'0000-00-00 00:00:00',	NULL),
(320,	'Chandrapur',	1,	12,	NULL,	'0000-00-00 00:00:00',	NULL),
(321,	'Dhule',	1,	12,	NULL,	'0000-00-00 00:00:00',	NULL),
(322,	'Gadchiroli',	1,	12,	NULL,	'0000-00-00 00:00:00',	NULL),
(323,	'Gondiya',	1,	12,	NULL,	'0000-00-00 00:00:00',	NULL),
(324,	'Hingoli',	1,	12,	NULL,	'0000-00-00 00:00:00',	NULL),
(325,	'Jalgaon',	1,	12,	NULL,	'0000-00-00 00:00:00',	NULL),
(326,	'Jalna',	1,	12,	NULL,	'0000-00-00 00:00:00',	NULL),
(327,	'Kolhapur',	1,	12,	NULL,	'0000-00-00 00:00:00',	NULL),
(328,	'Latur',	1,	12,	NULL,	'0000-00-00 00:00:00',	NULL),
(329,	'Mumbai City',	1,	12,	NULL,	'0000-00-00 00:00:00',	NULL),
(330,	'Mumbai suburban',	1,	12,	NULL,	'0000-00-00 00:00:00',	NULL),
(331,	'Nandurbar',	1,	12,	NULL,	'0000-00-00 00:00:00',	NULL),
(332,	'Nanded',	1,	12,	NULL,	'0000-00-00 00:00:00',	NULL),
(333,	'Nagpur',	1,	12,	NULL,	'0000-00-00 00:00:00',	NULL),
(334,	'Nashik',	1,	12,	NULL,	'0000-00-00 00:00:00',	NULL),
(335,	'Osmanabad',	1,	12,	NULL,	'0000-00-00 00:00:00',	NULL),
(336,	'Parbhani',	1,	12,	NULL,	'0000-00-00 00:00:00',	NULL),
(337,	'Pune',	1,	12,	NULL,	'0000-00-00 00:00:00',	NULL),
(338,	'Raigad',	1,	12,	NULL,	'0000-00-00 00:00:00',	NULL),
(339,	'Ratnagiri',	1,	12,	NULL,	'0000-00-00 00:00:00',	NULL),
(340,	'Sindhudurg',	1,	12,	NULL,	'0000-00-00 00:00:00',	NULL),
(341,	'Sangli',	1,	12,	NULL,	'0000-00-00 00:00:00',	NULL),
(342,	'Solapur',	1,	12,	NULL,	'0000-00-00 00:00:00',	NULL),
(343,	'Satara',	1,	12,	NULL,	'0000-00-00 00:00:00',	NULL),
(344,	'Thane',	1,	12,	NULL,	'0000-00-00 00:00:00',	NULL),
(345,	'Wardha',	1,	12,	NULL,	'0000-00-00 00:00:00',	NULL),
(346,	'Washim',	1,	12,	NULL,	'0000-00-00 00:00:00',	NULL),
(347,	'Yavatmal',	1,	12,	NULL,	'0000-00-00 00:00:00',	NULL),
(348,	'Bishnupur',	1,	13,	NULL,	'0000-00-00 00:00:00',	NULL),
(349,	'Churachandpur',	1,	13,	NULL,	'0000-00-00 00:00:00',	NULL),
(350,	'Chandel',	1,	13,	NULL,	'0000-00-00 00:00:00',	NULL),
(351,	'Imphal East',	1,	13,	NULL,	'0000-00-00 00:00:00',	NULL),
(352,	'Senapati',	1,	13,	NULL,	'0000-00-00 00:00:00',	NULL),
(353,	'Tamenglong',	1,	13,	NULL,	'0000-00-00 00:00:00',	NULL),
(354,	'Thoubal',	1,	13,	NULL,	'0000-00-00 00:00:00',	NULL),
(355,	'Ukhrul',	1,	13,	NULL,	'0000-00-00 00:00:00',	NULL),
(356,	'Imphal West',	1,	13,	NULL,	'0000-00-00 00:00:00',	NULL),
(357,	'East Garo Hills',	1,	14,	NULL,	'0000-00-00 00:00:00',	NULL),
(358,	'East Khasi Hills',	1,	14,	NULL,	'0000-00-00 00:00:00',	NULL),
(359,	'Jaintia Hills',	1,	14,	NULL,	'0000-00-00 00:00:00',	NULL),
(360,	'Ri-Bhoi',	1,	14,	NULL,	'0000-00-00 00:00:00',	NULL),
(361,	'South Garo Hills',	1,	14,	NULL,	'0000-00-00 00:00:00',	NULL),
(362,	'West Garo Hills',	1,	14,	NULL,	'0000-00-00 00:00:00',	NULL),
(363,	'West Khasi Hills',	1,	14,	NULL,	'0000-00-00 00:00:00',	NULL),
(364,	'Aizawl',	1,	15,	NULL,	'0000-00-00 00:00:00',	NULL),
(365,	'Champhai',	1,	15,	NULL,	'0000-00-00 00:00:00',	NULL),
(366,	'Kolasib',	1,	15,	NULL,	'0000-00-00 00:00:00',	NULL),
(367,	'Lawngtlai',	1,	15,	NULL,	'0000-00-00 00:00:00',	NULL),
(368,	'Lunglei',	1,	15,	NULL,	'0000-00-00 00:00:00',	NULL),
(369,	'Mamit',	1,	15,	NULL,	'0000-00-00 00:00:00',	NULL),
(370,	'Saiha',	1,	15,	NULL,	'0000-00-00 00:00:00',	NULL),
(371,	'Serchhip',	1,	15,	NULL,	'0000-00-00 00:00:00',	NULL),
(372,	'Dimapur',	1,	16,	NULL,	'0000-00-00 00:00:00',	NULL),
(373,	'Kohima',	1,	16,	NULL,	'0000-00-00 00:00:00',	NULL),
(374,	'Mokokchung',	1,	16,	NULL,	'0000-00-00 00:00:00',	NULL),
(375,	'Mon',	1,	16,	NULL,	'0000-00-00 00:00:00',	NULL),
(376,	'Phek',	1,	16,	NULL,	'0000-00-00 00:00:00',	NULL),
(377,	'Tuensang',	1,	16,	NULL,	'0000-00-00 00:00:00',	NULL),
(378,	'Wokha',	1,	16,	NULL,	'0000-00-00 00:00:00',	NULL),
(379,	'Zunheboto',	1,	16,	NULL,	'0000-00-00 00:00:00',	NULL),
(380,	'Angul',	1,	17,	NULL,	'0000-00-00 00:00:00',	NULL),
(381,	'Boudh',	1,	17,	NULL,	'0000-00-00 00:00:00',	NULL),
(382,	'Bhadrak',	1,	17,	NULL,	'0000-00-00 00:00:00',	NULL),
(383,	'Bolangir',	1,	17,	NULL,	'0000-00-00 00:00:00',	NULL),
(384,	'Bargarh',	1,	17,	NULL,	'0000-00-00 00:00:00',	NULL),
(385,	'Baleswar',	1,	17,	NULL,	'0000-00-00 00:00:00',	NULL),
(386,	'Cuttack',	1,	17,	NULL,	'0000-00-00 00:00:00',	NULL),
(387,	'Debagarh',	1,	17,	NULL,	'0000-00-00 00:00:00',	NULL),
(388,	'Dhenkanal',	1,	17,	NULL,	'0000-00-00 00:00:00',	NULL),
(389,	'Ganjam',	1,	17,	NULL,	'0000-00-00 00:00:00',	NULL),
(390,	'Gajapati',	1,	17,	NULL,	'0000-00-00 00:00:00',	NULL),
(391,	'Jharsuguda',	1,	17,	NULL,	'0000-00-00 00:00:00',	NULL),
(392,	'Jajapur',	1,	17,	NULL,	'0000-00-00 00:00:00',	NULL),
(393,	'Jagatsinghpur',	1,	17,	NULL,	'0000-00-00 00:00:00',	NULL),
(394,	'Khordha',	1,	17,	NULL,	'0000-00-00 00:00:00',	NULL),
(395,	'Kendujhar',	1,	17,	NULL,	'0000-00-00 00:00:00',	NULL),
(396,	'Kalahandi',	1,	17,	NULL,	'0000-00-00 00:00:00',	NULL),
(397,	'Kandhamal',	1,	17,	NULL,	'0000-00-00 00:00:00',	NULL),
(398,	'Koraput',	1,	17,	NULL,	'0000-00-00 00:00:00',	NULL),
(399,	'Kendrapara',	1,	17,	NULL,	'0000-00-00 00:00:00',	NULL),
(400,	'Malkangiri',	1,	17,	NULL,	'0000-00-00 00:00:00',	NULL),
(401,	'Mayurbhanj',	1,	17,	NULL,	'0000-00-00 00:00:00',	NULL),
(402,	'Nabarangpur',	1,	17,	NULL,	'0000-00-00 00:00:00',	NULL),
(403,	'Nuapada',	1,	17,	NULL,	'0000-00-00 00:00:00',	NULL),
(404,	'Nayagarh',	1,	17,	NULL,	'0000-00-00 00:00:00',	NULL),
(405,	'Puri',	1,	17,	NULL,	'0000-00-00 00:00:00',	NULL),
(406,	'Rayagada',	1,	17,	NULL,	'0000-00-00 00:00:00',	NULL),
(407,	'Sambalpur',	1,	17,	NULL,	'0000-00-00 00:00:00',	NULL),
(408,	'Subarnapur',	1,	17,	NULL,	'0000-00-00 00:00:00',	NULL),
(409,	'Sundargarh',	1,	17,	NULL,	'0000-00-00 00:00:00',	NULL),
(410,	'Karaikal',	1,	27,	NULL,	'0000-00-00 00:00:00',	NULL),
(411,	'Mahe',	1,	27,	NULL,	'0000-00-00 00:00:00',	NULL),
(412,	'Puducherry',	1,	27,	NULL,	'0000-00-00 00:00:00',	NULL),
(413,	'Yanam',	1,	27,	NULL,	'0000-00-00 00:00:00',	NULL),
(414,	'Amritsar',	1,	18,	NULL,	'0000-00-00 00:00:00',	NULL),
(415,	'Bathinda',	1,	18,	NULL,	'0000-00-00 00:00:00',	NULL),
(416,	'Firozpur',	1,	18,	NULL,	'0000-00-00 00:00:00',	NULL),
(417,	'Faridkot',	1,	18,	NULL,	'0000-00-00 00:00:00',	NULL),
(418,	'Fatehgarh Sahib',	1,	18,	NULL,	'0000-00-00 00:00:00',	NULL),
(419,	'Gurdaspur',	1,	18,	NULL,	'0000-00-00 00:00:00',	NULL),
(420,	'Hoshiarpur',	1,	18,	NULL,	'0000-00-00 00:00:00',	NULL),
(421,	'Jalandhar',	1,	18,	NULL,	'0000-00-00 00:00:00',	NULL),
(422,	'Kapurthala',	1,	18,	NULL,	'0000-00-00 00:00:00',	NULL),
(423,	'Ludhiana',	1,	18,	NULL,	'0000-00-00 00:00:00',	NULL),
(424,	'Mansa',	1,	18,	NULL,	'0000-00-00 00:00:00',	NULL),
(425,	'Moga',	1,	18,	NULL,	'0000-00-00 00:00:00',	NULL),
(426,	'Mukatsar',	1,	18,	NULL,	'0000-00-00 00:00:00',	NULL),
(427,	'Nawan Shehar',	1,	18,	NULL,	'0000-00-00 00:00:00',	NULL),
(428,	'Patiala',	1,	18,	NULL,	'0000-00-00 00:00:00',	NULL),
(429,	'Rupnagar',	1,	18,	NULL,	'0000-00-00 00:00:00',	NULL),
(430,	'Sangrur',	1,	18,	NULL,	'0000-00-00 00:00:00',	NULL),
(431,	'Ajmer',	1,	19,	NULL,	'0000-00-00 00:00:00',	NULL),
(432,	'Alwar',	1,	19,	NULL,	'0000-00-00 00:00:00',	NULL),
(433,	'Bikaner',	1,	19,	NULL,	'0000-00-00 00:00:00',	NULL),
(434,	'Barmer',	1,	19,	NULL,	'0000-00-00 00:00:00',	NULL),
(435,	'Banswara',	1,	19,	NULL,	'0000-00-00 00:00:00',	NULL),
(436,	'Bharatpur',	1,	19,	NULL,	'0000-00-00 00:00:00',	NULL),
(437,	'Baran',	1,	19,	NULL,	'0000-00-00 00:00:00',	NULL),
(438,	'Bundi',	1,	19,	NULL,	'0000-00-00 00:00:00',	NULL),
(439,	'Bhilwara',	1,	19,	NULL,	'0000-00-00 00:00:00',	NULL),
(440,	'Churu',	1,	19,	NULL,	'0000-00-00 00:00:00',	NULL),
(441,	'Chittorgarh',	1,	19,	NULL,	'0000-00-00 00:00:00',	NULL),
(442,	'Dausa',	1,	19,	NULL,	'0000-00-00 00:00:00',	NULL),
(443,	'Dholpur',	1,	19,	NULL,	'0000-00-00 00:00:00',	NULL),
(444,	'Dungapur',	1,	19,	NULL,	'0000-00-00 00:00:00',	NULL),
(445,	'Ganganagar',	1,	19,	NULL,	'0000-00-00 00:00:00',	NULL),
(446,	'Hanumangarh',	1,	19,	NULL,	'0000-00-00 00:00:00',	NULL),
(447,	'Juhnjhunun',	1,	19,	NULL,	'0000-00-00 00:00:00',	NULL),
(448,	'Jalore',	1,	19,	NULL,	'0000-00-00 00:00:00',	NULL),
(449,	'Jodhpur',	1,	19,	NULL,	'0000-00-00 00:00:00',	NULL),
(450,	'Jaipur',	1,	19,	NULL,	'0000-00-00 00:00:00',	NULL),
(451,	'Jaisalmer',	1,	19,	NULL,	'0000-00-00 00:00:00',	NULL),
(452,	'Jhalawar',	1,	19,	NULL,	'0000-00-00 00:00:00',	NULL),
(453,	'Karauli',	1,	19,	NULL,	'0000-00-00 00:00:00',	NULL),
(454,	'Kota',	1,	19,	NULL,	'0000-00-00 00:00:00',	NULL),
(455,	'Nagaur',	1,	19,	NULL,	'0000-00-00 00:00:00',	NULL),
(456,	'Pali',	1,	19,	NULL,	'0000-00-00 00:00:00',	NULL),
(457,	'Pratapgarh',	1,	19,	NULL,	'0000-00-00 00:00:00',	NULL),
(458,	'Rajsamand',	1,	19,	NULL,	'0000-00-00 00:00:00',	NULL),
(459,	'Sikar',	1,	19,	NULL,	'0000-00-00 00:00:00',	NULL),
(460,	'Sawai Madhopur',	1,	19,	NULL,	'0000-00-00 00:00:00',	NULL),
(461,	'Sirohi',	1,	19,	NULL,	'0000-00-00 00:00:00',	NULL),
(462,	'Tonk',	1,	19,	NULL,	'0000-00-00 00:00:00',	NULL),
(463,	'Udaipur',	1,	19,	NULL,	'0000-00-00 00:00:00',	NULL),
(464,	'East Sikkim',	1,	20,	NULL,	'0000-00-00 00:00:00',	NULL),
(465,	'North Sikkim',	1,	20,	NULL,	'0000-00-00 00:00:00',	NULL),
(466,	'South Sikkim',	1,	20,	NULL,	'0000-00-00 00:00:00',	NULL),
(467,	'West Sikkim',	1,	20,	NULL,	'0000-00-00 00:00:00',	NULL),
(468,	'Ariyalur',	1,	21,	NULL,	'0000-00-00 00:00:00',	NULL),
(469,	'Chennai',	1,	21,	NULL,	'0000-00-00 00:00:00',	NULL),
(470,	'Coimbatore',	1,	21,	NULL,	'0000-00-00 00:00:00',	NULL),
(471,	'Cuddalore',	1,	21,	NULL,	'0000-00-00 00:00:00',	NULL),
(472,	'Dharmapuri',	1,	21,	NULL,	'0000-00-00 00:00:00',	NULL),
(473,	'Dindigul',	1,	21,	NULL,	'0000-00-00 00:00:00',	NULL),
(474,	'Erode',	1,	21,	NULL,	'0000-00-00 00:00:00',	NULL),
(475,	'Kanchipuram',	1,	21,	NULL,	'0000-00-00 00:00:00',	NULL),
(476,	'Kanyakumari',	1,	21,	NULL,	'0000-00-00 00:00:00',	NULL),
(477,	'Karur',	1,	21,	NULL,	'0000-00-00 00:00:00',	NULL),
(478,	'Madurai',	1,	21,	NULL,	'0000-00-00 00:00:00',	NULL),
(479,	'Nagapattinam',	1,	21,	NULL,	'0000-00-00 00:00:00',	NULL),
(480,	'The Nilgiris',	1,	21,	NULL,	'0000-00-00 00:00:00',	NULL),
(481,	'Namakkal',	1,	21,	NULL,	'0000-00-00 00:00:00',	NULL),
(482,	'Perambalur',	1,	21,	NULL,	'0000-00-00 00:00:00',	NULL),
(483,	'Pudukkottai',	1,	21,	NULL,	'0000-00-00 00:00:00',	NULL),
(484,	'Ramanathapuram',	1,	21,	NULL,	'0000-00-00 00:00:00',	NULL),
(485,	'Salem',	1,	21,	NULL,	'0000-00-00 00:00:00',	NULL),
(486,	'Sivagangai',	1,	21,	NULL,	'0000-00-00 00:00:00',	NULL),
(487,	'Tiruppur',	1,	21,	NULL,	'0000-00-00 00:00:00',	NULL),
(488,	'Tiruchirappalli',	1,	21,	NULL,	'0000-00-00 00:00:00',	NULL),
(489,	'Theni',	1,	21,	NULL,	'0000-00-00 00:00:00',	NULL),
(490,	'Tirunelveli',	1,	21,	NULL,	'0000-00-00 00:00:00',	NULL),
(491,	'Thanjavur',	1,	21,	NULL,	'0000-00-00 00:00:00',	NULL),
(492,	'Thoothukudi',	1,	21,	NULL,	'0000-00-00 00:00:00',	NULL),
(493,	'Thiruvallur',	1,	21,	NULL,	'0000-00-00 00:00:00',	NULL),
(494,	'Thiruvarur',	1,	21,	NULL,	'0000-00-00 00:00:00',	NULL),
(495,	'Tiruvannamalai',	1,	21,	NULL,	'0000-00-00 00:00:00',	NULL),
(496,	'Vellore',	1,	21,	NULL,	'0000-00-00 00:00:00',	NULL),
(497,	'Villupuram',	1,	21,	NULL,	'0000-00-00 00:00:00',	NULL),
(498,	'Dhalai',	1,	22,	NULL,	'0000-00-00 00:00:00',	NULL),
(499,	'North Tripura',	1,	22,	NULL,	'0000-00-00 00:00:00',	NULL),
(500,	'South Tripura',	1,	22,	NULL,	'0000-00-00 00:00:00',	NULL),
(501,	'West Tripura',	1,	22,	NULL,	'0000-00-00 00:00:00',	NULL),
(502,	'Almora',	1,	33,	NULL,	'0000-00-00 00:00:00',	NULL),
(503,	'Bageshwar',	1,	33,	NULL,	'0000-00-00 00:00:00',	NULL),
(504,	'Chamoli',	1,	33,	NULL,	'0000-00-00 00:00:00',	NULL),
(505,	'Champawat',	1,	33,	NULL,	'0000-00-00 00:00:00',	NULL),
(506,	'Dehradun',	1,	33,	NULL,	'0000-00-00 00:00:00',	NULL),
(507,	'Haridwar',	1,	33,	NULL,	'0000-00-00 00:00:00',	NULL),
(508,	'Nainital',	1,	33,	NULL,	'0000-00-00 00:00:00',	NULL),
(509,	'Pauri Garhwal',	1,	33,	NULL,	'0000-00-00 00:00:00',	NULL),
(510,	'Pithoragharh',	1,	33,	NULL,	'0000-00-00 00:00:00',	NULL),
(511,	'Rudraprayag',	1,	33,	NULL,	'0000-00-00 00:00:00',	NULL),
(512,	'Tehri Garhwal',	1,	33,	NULL,	'0000-00-00 00:00:00',	NULL),
(513,	'Udham Singh Nagar',	1,	33,	NULL,	'0000-00-00 00:00:00',	NULL),
(514,	'Uttarkashi',	1,	33,	NULL,	'0000-00-00 00:00:00',	NULL),
(515,	'Agra',	1,	23,	NULL,	'0000-00-00 00:00:00',	NULL),
(516,	'Allahabad',	1,	23,	NULL,	'0000-00-00 00:00:00',	NULL),
(517,	'Aligarh',	1,	23,	NULL,	'0000-00-00 00:00:00',	NULL),
(518,	'Ambedkar Nagar',	1,	23,	NULL,	'0000-00-00 00:00:00',	NULL),
(519,	'Auraiya',	1,	23,	NULL,	'0000-00-00 00:00:00',	NULL),
(520,	'Azamgarh',	1,	23,	NULL,	'0000-00-00 00:00:00',	NULL),
(521,	'Barabanki',	1,	23,	NULL,	'0000-00-00 00:00:00',	NULL),
(522,	'Badaun',	1,	23,	NULL,	'0000-00-00 00:00:00',	NULL),
(523,	'Bagpat',	1,	23,	NULL,	'0000-00-00 00:00:00',	NULL),
(524,	'Bahraich',	1,	23,	NULL,	'0000-00-00 00:00:00',	NULL),
(525,	'Bijnor',	1,	23,	NULL,	'0000-00-00 00:00:00',	NULL),
(526,	'Ballia',	1,	23,	NULL,	'0000-00-00 00:00:00',	NULL),
(527,	'Banda',	1,	23,	NULL,	'0000-00-00 00:00:00',	NULL),
(528,	'Balrampur',	1,	23,	NULL,	'0000-00-00 00:00:00',	NULL),
(529,	'Bareilly',	1,	23,	NULL,	'0000-00-00 00:00:00',	NULL),
(530,	'Basti',	1,	23,	NULL,	'0000-00-00 00:00:00',	NULL),
(531,	'Bulandshahr',	1,	23,	NULL,	'0000-00-00 00:00:00',	NULL),
(532,	'Chandauli',	1,	23,	NULL,	'0000-00-00 00:00:00',	NULL),
(533,	'Chitrakoot',	1,	23,	NULL,	'0000-00-00 00:00:00',	NULL),
(534,	'Deoria',	1,	23,	NULL,	'0000-00-00 00:00:00',	NULL),
(535,	'Etah',	1,	23,	NULL,	'0000-00-00 00:00:00',	NULL),
(536,	'Kanshiram Nagar',	1,	23,	NULL,	'0000-00-00 00:00:00',	NULL),
(537,	'Etawah',	1,	23,	NULL,	'0000-00-00 00:00:00',	NULL),
(538,	'Firozabad',	1,	23,	NULL,	'0000-00-00 00:00:00',	NULL),
(539,	'Farrukhabad',	1,	23,	NULL,	'0000-00-00 00:00:00',	NULL),
(540,	'Fatehpur',	1,	23,	NULL,	'0000-00-00 00:00:00',	NULL),
(541,	'Faizabad',	1,	23,	NULL,	'0000-00-00 00:00:00',	NULL),
(542,	'Gautam Buddha Nagar',	1,	23,	NULL,	'0000-00-00 00:00:00',	NULL),
(543,	'Gonda',	1,	23,	NULL,	'0000-00-00 00:00:00',	NULL),
(544,	'Ghazipur',	1,	23,	NULL,	'0000-00-00 00:00:00',	NULL),
(545,	'Gorkakhpur',	1,	23,	NULL,	'0000-00-00 00:00:00',	NULL),
(546,	'Ghaziabad',	1,	23,	NULL,	'0000-00-00 00:00:00',	NULL),
(547,	'Hamirpur',	1,	23,	NULL,	'0000-00-00 00:00:00',	NULL),
(548,	'Hardoi',	1,	23,	NULL,	'0000-00-00 00:00:00',	NULL),
(549,	'Mahamaya Nagar',	1,	23,	NULL,	'0000-00-00 00:00:00',	NULL),
(550,	'Jhansi',	1,	23,	NULL,	'0000-00-00 00:00:00',	NULL),
(551,	'Jalaun',	1,	23,	NULL,	'0000-00-00 00:00:00',	NULL),
(552,	'Jyotiba Phule Nagar',	1,	23,	NULL,	'0000-00-00 00:00:00',	NULL),
(553,	'Jaunpur District',	1,	23,	NULL,	'0000-00-00 00:00:00',	NULL),
(554,	'Kanpur Dehat',	1,	23,	NULL,	'0000-00-00 00:00:00',	NULL),
(555,	'Kannauj',	1,	23,	NULL,	'0000-00-00 00:00:00',	NULL),
(556,	'Kanpur Nagar',	1,	23,	NULL,	'0000-00-00 00:00:00',	NULL),
(557,	'Kaushambi',	1,	23,	NULL,	'0000-00-00 00:00:00',	NULL),
(558,	'Kushinagar',	1,	23,	NULL,	'0000-00-00 00:00:00',	NULL),
(559,	'Lalitpur',	1,	23,	NULL,	'0000-00-00 00:00:00',	NULL),
(560,	'Lakhimpur Kheri',	1,	23,	NULL,	'0000-00-00 00:00:00',	NULL),
(561,	'Lucknow',	1,	23,	NULL,	'0000-00-00 00:00:00',	NULL),
(562,	'Mau',	1,	23,	NULL,	'0000-00-00 00:00:00',	NULL),
(563,	'Meerut',	1,	23,	NULL,	'0000-00-00 00:00:00',	NULL),
(564,	'Maharajganj',	1,	23,	NULL,	'0000-00-00 00:00:00',	NULL),
(565,	'Mahoba',	1,	23,	NULL,	'0000-00-00 00:00:00',	NULL),
(566,	'Mirzapur',	1,	23,	NULL,	'0000-00-00 00:00:00',	NULL),
(567,	'Moradabad',	1,	23,	NULL,	'0000-00-00 00:00:00',	NULL),
(568,	'Mainpuri',	1,	23,	NULL,	'0000-00-00 00:00:00',	NULL),
(569,	'Mathura',	1,	23,	NULL,	'0000-00-00 00:00:00',	NULL),
(570,	'Muzaffarnagar',	1,	23,	NULL,	'0000-00-00 00:00:00',	NULL),
(571,	'Pilibhit',	1,	23,	NULL,	'0000-00-00 00:00:00',	NULL),
(572,	'Pratapgarh',	1,	23,	NULL,	'0000-00-00 00:00:00',	NULL),
(573,	'Rampur',	1,	23,	NULL,	'0000-00-00 00:00:00',	NULL),
(574,	'Rae Bareli',	1,	23,	NULL,	'0000-00-00 00:00:00',	NULL),
(575,	'Saharanpur',	1,	23,	NULL,	'0000-00-00 00:00:00',	NULL),
(576,	'Sitapur',	1,	23,	NULL,	'0000-00-00 00:00:00',	NULL),
(577,	'Shahjahanpur',	1,	23,	NULL,	'0000-00-00 00:00:00',	NULL),
(578,	'Sant Kabir Nagar',	1,	23,	NULL,	'0000-00-00 00:00:00',	NULL),
(579,	'Siddharthnagar',	1,	23,	NULL,	'0000-00-00 00:00:00',	NULL),
(580,	'Sonbhadra',	1,	23,	NULL,	'0000-00-00 00:00:00',	NULL),
(581,	'Sant Ravidas Nagar',	1,	23,	NULL,	'0000-00-00 00:00:00',	NULL),
(582,	'Sultanpur',	1,	23,	NULL,	'0000-00-00 00:00:00',	NULL),
(583,	'Shravasti',	1,	23,	NULL,	'0000-00-00 00:00:00',	NULL),
(584,	'Unnao',	1,	23,	NULL,	'0000-00-00 00:00:00',	NULL),
(585,	'Varanasi',	1,	23,	NULL,	'0000-00-00 00:00:00',	NULL),
(586,	'Birbhum',	1,	24,	NULL,	'0000-00-00 00:00:00',	NULL),
(587,	'Bankura',	1,	24,	NULL,	'0000-00-00 00:00:00',	NULL),
(588,	'Bardhaman',	1,	24,	NULL,	'0000-00-00 00:00:00',	NULL),
(589,	'Darjeeling',	1,	24,	NULL,	'0000-00-00 00:00:00',	NULL),
(590,	'Dakshin Dinajpur',	1,	24,	NULL,	'0000-00-00 00:00:00',	NULL),
(591,	'Hooghly',	1,	24,	NULL,	'0000-00-00 00:00:00',	NULL),
(592,	'Howrah',	1,	24,	NULL,	'0000-00-00 00:00:00',	NULL),
(593,	'Jalpaiguri',	1,	24,	NULL,	'0000-00-00 00:00:00',	NULL),
(594,	'Cooch Behar',	1,	24,	NULL,	'0000-00-00 00:00:00',	NULL),
(595,	'Kolkata',	1,	24,	NULL,	'0000-00-00 00:00:00',	NULL),
(596,	'Malda',	1,	24,	NULL,	'0000-00-00 00:00:00',	NULL),
(597,	'Midnapore',	1,	24,	NULL,	'0000-00-00 00:00:00',	NULL),
(598,	'Murshidabad',	1,	24,	NULL,	'0000-00-00 00:00:00',	NULL),
(599,	'Nadia',	1,	24,	NULL,	'0000-00-00 00:00:00',	NULL),
(600,	'North 24 Parganas',	1,	24,	NULL,	'0000-00-00 00:00:00',	NULL),
(601,	'South 24 Parganas',	1,	24,	NULL,	'0000-00-00 00:00:00',	NULL),
(602,	'Purulia',	1,	24,	NULL,	'0000-00-00 00:00:00',	NULL),
(603,	'Uttar Dinajpur',	1,	24,	NULL,	'0000-00-00 00:00:00',	NULL);

DROP TABLE IF EXISTS `countries`;
CREATE TABLE `countries` (
  `id` int(11) NOT NULL AUTO_INCREMENT,
  `countryCode` char(2) NOT NULL DEFAULT '',
  `name` varchar(45) NOT NULL DEFAULT '',
  `is_active` tinyint(4) NOT NULL DEFAULT 1 COMMENT '0:Inactive 1:Active',
  `deleted_at` timestamp NULL DEFAULT NULL,
  `created_at` timestamp NOT NULL DEFAULT '0000-00-00 00:00:00' ON UPDATE current_timestamp(),
  `updated_at` timestamp NULL DEFAULT NULL,
  PRIMARY KEY (`id`)
) ENGINE=InnoDB DEFAULT CHARSET=utf8;

INSERT INTO `countries` (`id`, `countryCode`, `name`, `is_active`, `deleted_at`, `created_at`, `updated_at`) VALUES
(1,	'AD',	'Andorra',	1,	NULL,	'0000-00-00 00:00:00',	NULL),
(2,	'AE',	'United Arab Emirates',	1,	NULL,	'0000-00-00 00:00:00',	NULL),
(3,	'AF',	'Afghanistan',	1,	NULL,	'0000-00-00 00:00:00',	NULL),
(4,	'AG',	'Antigua and Barbuda',	1,	NULL,	'0000-00-00 00:00:00',	NULL),
(5,	'AI',	'Anguilla',	1,	NULL,	'0000-00-00 00:00:00',	NULL),
(6,	'AL',	'Albania',	1,	NULL,	'0000-00-00 00:00:00',	NULL),
(7,	'AM',	'Armenia',	1,	NULL,	'0000-00-00 00:00:00',	NULL),
(8,	'AO',	'Angola',	1,	NULL,	'0000-00-00 00:00:00',	NULL),
(9,	'AQ',	'Antarctica',	1,	NULL,	'0000-00-00 00:00:00',	NULL),
(10,	'AR',	'Argentina',	1,	NULL,	'0000-00-00 00:00:00',	NULL),
(11,	'AS',	'American Samoa',	1,	NULL,	'0000-00-00 00:00:00',	NULL),
(12,	'AT',	'Austria',	1,	NULL,	'0000-00-00 00:00:00',	NULL),
(13,	'AU',	'Australia',	1,	NULL,	'0000-00-00 00:00:00',	NULL),
(14,	'AW',	'Aruba',	1,	NULL,	'0000-00-00 00:00:00',	NULL),
(15,	'AX',	'Åland',	1,	NULL,	'0000-00-00 00:00:00',	NULL),
(16,	'AZ',	'Azerbaijan',	1,	NULL,	'0000-00-00 00:00:00',	NULL),
(17,	'BA',	'Bosnia and Herzegovina',	1,	NULL,	'0000-00-00 00:00:00',	NULL),
(18,	'BB',	'Barbados',	1,	NULL,	'0000-00-00 00:00:00',	NULL),
(19,	'BD',	'Bangladesh',	1,	NULL,	'0000-00-00 00:00:00',	NULL),
(20,	'BE',	'Belgium',	1,	NULL,	'0000-00-00 00:00:00',	NULL),
(21,	'BF',	'Burkina Faso',	1,	NULL,	'0000-00-00 00:00:00',	NULL),
(22,	'BG',	'Bulgaria',	1,	NULL,	'0000-00-00 00:00:00',	NULL),
(23,	'BH',	'Bahrain',	1,	NULL,	'0000-00-00 00:00:00',	NULL),
(24,	'BI',	'Burundi',	1,	NULL,	'0000-00-00 00:00:00',	NULL),
(25,	'BJ',	'Benin',	1,	NULL,	'0000-00-00 00:00:00',	NULL),
(26,	'BL',	'Saint Barthélemy',	1,	NULL,	'0000-00-00 00:00:00',	NULL),
(27,	'BM',	'Bermuda',	1,	NULL,	'0000-00-00 00:00:00',	NULL),
(28,	'BN',	'Brunei',	1,	NULL,	'0000-00-00 00:00:00',	NULL),
(29,	'BO',	'Bolivia',	1,	NULL,	'0000-00-00 00:00:00',	NULL),
(30,	'BQ',	'Bonaire',	1,	NULL,	'0000-00-00 00:00:00',	NULL),
(31,	'BR',	'Brazil',	1,	NULL,	'0000-00-00 00:00:00',	NULL),
(32,	'BS',	'Bahamas',	1,	NULL,	'0000-00-00 00:00:00',	NULL),
(33,	'BT',	'Bhutan',	1,	NULL,	'0000-00-00 00:00:00',	NULL),
(34,	'BV',	'Bouvet Island',	1,	NULL,	'0000-00-00 00:00:00',	NULL),
(35,	'BW',	'Botswana',	1,	NULL,	'0000-00-00 00:00:00',	NULL),
(36,	'BY',	'Belarus',	1,	NULL,	'0000-00-00 00:00:00',	NULL),
(37,	'BZ',	'Belize',	1,	NULL,	'0000-00-00 00:00:00',	NULL),
(38,	'CA',	'Canada',	1,	NULL,	'0000-00-00 00:00:00',	NULL),
(39,	'CC',	'Cocos [Keeling] Islands',	1,	NULL,	'0000-00-00 00:00:00',	NULL),
(40,	'CD',	'Democratic Republic of the Congo',	1,	NULL,	'0000-00-00 00:00:00',	NULL),
(41,	'CF',	'Central African Republic',	1,	NULL,	'0000-00-00 00:00:00',	NULL),
(42,	'CG',	'Republic of the Congo',	1,	NULL,	'0000-00-00 00:00:00',	NULL),
(43,	'CH',	'Switzerland',	1,	NULL,	'0000-00-00 00:00:00',	NULL),
(44,	'CI',	'Ivory Coast',	1,	NULL,	'0000-00-00 00:00:00',	NULL),
(45,	'CK',	'Cook Islands',	1,	NULL,	'0000-00-00 00:00:00',	NULL),
(46,	'CL',	'Chile',	1,	NULL,	'0000-00-00 00:00:00',	NULL),
(47,	'CM',	'Cameroon',	1,	NULL,	'0000-00-00 00:00:00',	NULL),
(48,	'CN',	'China',	1,	NULL,	'0000-00-00 00:00:00',	NULL),
(49,	'CO',	'Colombia',	1,	NULL,	'0000-00-00 00:00:00',	NULL),
(50,	'CR',	'Costa Rica',	1,	NULL,	'0000-00-00 00:00:00',	NULL),
(51,	'CU',	'Cuba',	1,	NULL,	'0000-00-00 00:00:00',	NULL),
(52,	'CV',	'Cape Verde',	1,	NULL,	'0000-00-00 00:00:00',	NULL),
(53,	'CW',	'Curacao',	1,	NULL,	'0000-00-00 00:00:00',	NULL),
(54,	'CX',	'Christmas Island',	1,	NULL,	'0000-00-00 00:00:00',	NULL),
(55,	'CY',	'Cyprus',	1,	NULL,	'0000-00-00 00:00:00',	NULL),
(56,	'CZ',	'Czech Republic',	1,	NULL,	'0000-00-00 00:00:00',	NULL),
(57,	'DE',	'Germany',	1,	NULL,	'0000-00-00 00:00:00',	NULL),
(58,	'DJ',	'Djibouti',	1,	NULL,	'0000-00-00 00:00:00',	NULL),
(59,	'DK',	'Denmark',	1,	NULL,	'0000-00-00 00:00:00',	NULL),
(60,	'DM',	'Dominica',	1,	NULL,	'0000-00-00 00:00:00',	NULL),
(61,	'DO',	'Dominican Republic',	1,	NULL,	'0000-00-00 00:00:00',	NULL),
(62,	'DZ',	'Algeria',	1,	NULL,	'0000-00-00 00:00:00',	NULL),
(63,	'EC',	'Ecuador',	1,	NULL,	'0000-00-00 00:00:00',	NULL),
(64,	'EE',	'Estonia',	1,	NULL,	'0000-00-00 00:00:00',	NULL),
(65,	'EG',	'Egypt',	1,	NULL,	'0000-00-00 00:00:00',	NULL),
(66,	'EH',	'Western Sahara',	1,	NULL,	'0000-00-00 00:00:00',	NULL),
(67,	'ER',	'Eritrea',	1,	NULL,	'0000-00-00 00:00:00',	NULL),
(68,	'ES',	'Spain',	1,	NULL,	'0000-00-00 00:00:00',	NULL),
(69,	'ET',	'Ethiopia',	1,	NULL,	'0000-00-00 00:00:00',	NULL),
(70,	'FI',	'Finland',	1,	NULL,	'0000-00-00 00:00:00',	NULL),
(71,	'FJ',	'Fiji',	1,	NULL,	'0000-00-00 00:00:00',	NULL),
(72,	'FK',	'Falkland Islands',	1,	NULL,	'0000-00-00 00:00:00',	NULL),
(73,	'FM',	'Micronesia',	1,	NULL,	'0000-00-00 00:00:00',	NULL),
(74,	'FO',	'Faroe Islands',	1,	NULL,	'0000-00-00 00:00:00',	NULL),
(75,	'FR',	'France',	1,	NULL,	'0000-00-00 00:00:00',	NULL),
(76,	'GA',	'Gabon',	1,	NULL,	'0000-00-00 00:00:00',	NULL),
(77,	'GB',	'United Kingdom',	1,	NULL,	'0000-00-00 00:00:00',	NULL),
(78,	'GD',	'Grenada',	1,	NULL,	'0000-00-00 00:00:00',	NULL),
(79,	'GE',	'Georgia',	1,	NULL,	'0000-00-00 00:00:00',	NULL),
(80,	'GF',	'French Guiana',	1,	NULL,	'0000-00-00 00:00:00',	NULL),
(81,	'GG',	'Guernsey',	1,	NULL,	'0000-00-00 00:00:00',	NULL),
(82,	'GH',	'Ghana',	1,	NULL,	'0000-00-00 00:00:00',	NULL),
(83,	'GI',	'Gibraltar',	1,	NULL,	'0000-00-00 00:00:00',	NULL),
(84,	'GL',	'Greenland',	1,	NULL,	'0000-00-00 00:00:00',	NULL),
(85,	'GM',	'Gambia',	1,	NULL,	'0000-00-00 00:00:00',	NULL),
(86,	'GN',	'Guinea',	1,	NULL,	'0000-00-00 00:00:00',	NULL),
(87,	'GP',	'Guadeloupe',	1,	NULL,	'0000-00-00 00:00:00',	NULL),
(88,	'GQ',	'Equatorial Guinea',	1,	NULL,	'0000-00-00 00:00:00',	NULL),
(89,	'GR',	'Greece',	1,	NULL,	'0000-00-00 00:00:00',	NULL),
(90,	'GS',	'South Georgia and the South Sandwich Islands',	1,	NULL,	'0000-00-00 00:00:00',	NULL),
(91,	'GT',	'Guatemala',	1,	NULL,	'0000-00-00 00:00:00',	NULL),
(92,	'GU',	'Guam',	1,	NULL,	'0000-00-00 00:00:00',	NULL),
(93,	'GW',	'Guinea-Bissau',	1,	NULL,	'0000-00-00 00:00:00',	NULL),
(94,	'GY',	'Guyana',	1,	NULL,	'0000-00-00 00:00:00',	NULL),
(95,	'HK',	'Hong Kong',	1,	NULL,	'0000-00-00 00:00:00',	NULL),
(96,	'HM',	'Heard Island and McDonald Islands',	1,	NULL,	'0000-00-00 00:00:00',	NULL),
(97,	'HN',	'Honduras',	1,	NULL,	'0000-00-00 00:00:00',	NULL),
(98,	'HR',	'Croatia',	1,	NULL,	'0000-00-00 00:00:00',	NULL),
(99,	'HT',	'Haiti',	1,	NULL,	'0000-00-00 00:00:00',	NULL),
(100,	'HU',	'Hungary',	1,	NULL,	'0000-00-00 00:00:00',	NULL),
(101,	'ID',	'Indonesia',	1,	NULL,	'0000-00-00 00:00:00',	NULL),
(102,	'IE',	'Ireland',	1,	NULL,	'0000-00-00 00:00:00',	NULL),
(103,	'IL',	'Israel',	1,	NULL,	'0000-00-00 00:00:00',	NULL),
(104,	'IM',	'Isle of Man',	1,	NULL,	'0000-00-00 00:00:00',	NULL),
(105,	'IN',	'India',	1,	NULL,	'0000-00-00 00:00:00',	NULL),
(106,	'IO',	'British Indian Ocean Territory',	1,	NULL,	'0000-00-00 00:00:00',	NULL),
(107,	'IQ',	'Iraq',	1,	NULL,	'0000-00-00 00:00:00',	NULL),
(108,	'IR',	'Iran',	1,	NULL,	'0000-00-00 00:00:00',	NULL),
(109,	'IS',	'Iceland',	1,	NULL,	'0000-00-00 00:00:00',	NULL),
(110,	'IT',	'Italy',	1,	NULL,	'0000-00-00 00:00:00',	NULL),
(111,	'JE',	'Jersey',	1,	NULL,	'0000-00-00 00:00:00',	NULL),
(112,	'JM',	'Jamaica',	1,	NULL,	'0000-00-00 00:00:00',	NULL),
(113,	'JO',	'Jordan',	1,	NULL,	'0000-00-00 00:00:00',	NULL),
(114,	'JP',	'Japan',	1,	NULL,	'0000-00-00 00:00:00',	NULL),
(115,	'KE',	'Kenya',	1,	NULL,	'0000-00-00 00:00:00',	NULL),
(116,	'KG',	'Kyrgyzstan',	1,	NULL,	'0000-00-00 00:00:00',	NULL),
(117,	'KH',	'Cambodia',	1,	NULL,	'0000-00-00 00:00:00',	NULL),
(118,	'KI',	'Kiribati',	1,	NULL,	'0000-00-00 00:00:00',	NULL),
(119,	'KM',	'Comoros',	1,	NULL,	'0000-00-00 00:00:00',	NULL),
(120,	'KN',	'Saint Kitts and Nevis',	1,	NULL,	'0000-00-00 00:00:00',	NULL),
(121,	'KP',	'North Korea',	1,	NULL,	'0000-00-00 00:00:00',	NULL),
(122,	'KR',	'South Korea',	1,	NULL,	'0000-00-00 00:00:00',	NULL),
(123,	'KW',	'Kuwait',	1,	NULL,	'0000-00-00 00:00:00',	NULL),
(124,	'KY',	'Cayman Islands',	1,	NULL,	'0000-00-00 00:00:00',	NULL),
(125,	'KZ',	'Kazakhstan',	1,	NULL,	'0000-00-00 00:00:00',	NULL),
(126,	'LA',	'Laos',	1,	NULL,	'0000-00-00 00:00:00',	NULL),
(127,	'LB',	'Lebanon',	1,	NULL,	'0000-00-00 00:00:00',	NULL),
(128,	'LC',	'Saint Lucia',	1,	NULL,	'0000-00-00 00:00:00',	NULL),
(129,	'LI',	'Liechtenstein',	1,	NULL,	'0000-00-00 00:00:00',	NULL),
(130,	'LK',	'Sri Lanka',	1,	NULL,	'0000-00-00 00:00:00',	NULL),
(131,	'LR',	'Liberia',	1,	NULL,	'0000-00-00 00:00:00',	NULL),
(132,	'LS',	'Lesotho',	1,	NULL,	'0000-00-00 00:00:00',	NULL),
(133,	'LT',	'Lithuania',	1,	NULL,	'0000-00-00 00:00:00',	NULL),
(134,	'LU',	'Luxembourg',	1,	NULL,	'0000-00-00 00:00:00',	NULL),
(135,	'LV',	'Latvia',	1,	NULL,	'0000-00-00 00:00:00',	NULL),
(136,	'LY',	'Libya',	1,	NULL,	'0000-00-00 00:00:00',	NULL),
(137,	'MA',	'Morocco',	1,	NULL,	'0000-00-00 00:00:00',	NULL),
(138,	'MC',	'Monaco',	1,	NULL,	'0000-00-00 00:00:00',	NULL),
(139,	'MD',	'Moldova',	1,	NULL,	'0000-00-00 00:00:00',	NULL),
(140,	'ME',	'Montenegro',	1,	NULL,	'0000-00-00 00:00:00',	NULL),
(141,	'MF',	'Saint Martin',	1,	NULL,	'0000-00-00 00:00:00',	NULL),
(142,	'MG',	'Madagascar',	1,	NULL,	'0000-00-00 00:00:00',	NULL),
(143,	'MH',	'Marshall Islands',	1,	NULL,	'0000-00-00 00:00:00',	NULL),
(144,	'MK',	'Macedonia',	1,	NULL,	'0000-00-00 00:00:00',	NULL),
(145,	'ML',	'Mali',	1,	NULL,	'0000-00-00 00:00:00',	NULL),
(146,	'MM',	'Myanmar [Burma]',	1,	NULL,	'0000-00-00 00:00:00',	NULL),
(147,	'MN',	'Mongolia',	1,	NULL,	'0000-00-00 00:00:00',	NULL),
(148,	'MO',	'Macao',	1,	NULL,	'0000-00-00 00:00:00',	NULL),
(149,	'MP',	'Northern Mariana Islands',	1,	NULL,	'0000-00-00 00:00:00',	NULL),
(150,	'MQ',	'Martinique',	1,	NULL,	'0000-00-00 00:00:00',	NULL),
(151,	'MR',	'Mauritania',	1,	NULL,	'0000-00-00 00:00:00',	NULL),
(152,	'MS',	'Montserrat',	1,	NULL,	'0000-00-00 00:00:00',	NULL),
(153,	'MT',	'Malta',	1,	NULL,	'0000-00-00 00:00:00',	NULL),
(154,	'MU',	'Mauritius',	1,	NULL,	'0000-00-00 00:00:00',	NULL),
(155,	'MV',	'Maldives',	1,	NULL,	'0000-00-00 00:00:00',	NULL),
(156,	'MW',	'Malawi',	1,	NULL,	'0000-00-00 00:00:00',	NULL),
(157,	'MX',	'Mexico',	1,	NULL,	'0000-00-00 00:00:00',	NULL),
(158,	'MY',	'Malaysia',	1,	NULL,	'0000-00-00 00:00:00',	NULL),
(159,	'MZ',	'Mozambique',	1,	NULL,	'0000-00-00 00:00:00',	NULL),
(160,	'NA',	'Namibia',	1,	NULL,	'0000-00-00 00:00:00',	NULL),
(161,	'NC',	'New Caledonia',	1,	NULL,	'0000-00-00 00:00:00',	NULL),
(162,	'NE',	'Niger',	1,	NULL,	'0000-00-00 00:00:00',	NULL),
(163,	'NF',	'Norfolk Island',	1,	NULL,	'0000-00-00 00:00:00',	NULL),
(164,	'NG',	'Nigeria',	1,	NULL,	'0000-00-00 00:00:00',	NULL),
(165,	'NI',	'Nicaragua',	1,	NULL,	'0000-00-00 00:00:00',	NULL),
(166,	'NL',	'Netherlands',	1,	NULL,	'0000-00-00 00:00:00',	NULL),
(167,	'NO',	'Norway',	1,	NULL,	'0000-00-00 00:00:00',	NULL),
(168,	'NP',	'Nepal',	1,	NULL,	'0000-00-00 00:00:00',	NULL),
(169,	'NR',	'Nauru',	1,	NULL,	'0000-00-00 00:00:00',	NULL),
(170,	'NU',	'Niue',	1,	NULL,	'0000-00-00 00:00:00',	NULL),
(171,	'NZ',	'New Zealand',	1,	NULL,	'0000-00-00 00:00:00',	NULL),
(172,	'OM',	'Oman',	1,	NULL,	'0000-00-00 00:00:00',	NULL),
(173,	'PA',	'Panama',	1,	NULL,	'0000-00-00 00:00:00',	NULL),
(174,	'PE',	'Peru',	1,	NULL,	'0000-00-00 00:00:00',	NULL),
(175,	'PF',	'French Polynesia',	1,	NULL,	'0000-00-00 00:00:00',	NULL),
(176,	'PG',	'Papua New Guinea',	1,	NULL,	'0000-00-00 00:00:00',	NULL),
(177,	'PH',	'Philippines',	1,	NULL,	'0000-00-00 00:00:00',	NULL),
(178,	'PK',	'Pakistan',	1,	NULL,	'0000-00-00 00:00:00',	NULL),
(179,	'PL',	'Poland',	1,	NULL,	'0000-00-00 00:00:00',	NULL),
(180,	'PM',	'Saint Pierre and Miquelon',	1,	NULL,	'0000-00-00 00:00:00',	NULL),
(181,	'PN',	'Pitcairn Islands',	1,	NULL,	'0000-00-00 00:00:00',	NULL),
(182,	'PR',	'Puerto Rico',	1,	NULL,	'0000-00-00 00:00:00',	NULL),
(183,	'PS',	'Palestine',	1,	NULL,	'0000-00-00 00:00:00',	NULL),
(184,	'PT',	'Portugal',	1,	NULL,	'0000-00-00 00:00:00',	NULL),
(185,	'PW',	'Palau',	1,	NULL,	'0000-00-00 00:00:00',	NULL),
(186,	'PY',	'Paraguay',	1,	NULL,	'0000-00-00 00:00:00',	NULL),
(187,	'QA',	'Qatar',	1,	NULL,	'0000-00-00 00:00:00',	NULL),
(188,	'RE',	'Réunion',	1,	NULL,	'0000-00-00 00:00:00',	NULL),
(189,	'RO',	'Romania',	1,	NULL,	'0000-00-00 00:00:00',	NULL),
(190,	'RS',	'Serbia',	1,	NULL,	'0000-00-00 00:00:00',	NULL),
(191,	'RU',	'Russia',	1,	NULL,	'0000-00-00 00:00:00',	NULL),
(192,	'RW',	'Rwanda',	1,	NULL,	'0000-00-00 00:00:00',	NULL),
(193,	'SA',	'Saudi Arabia',	1,	NULL,	'0000-00-00 00:00:00',	NULL),
(194,	'SB',	'Solomon Islands',	1,	NULL,	'0000-00-00 00:00:00',	NULL),
(195,	'SC',	'Seychelles',	1,	NULL,	'0000-00-00 00:00:00',	NULL),
(196,	'SD',	'Sudan',	1,	NULL,	'0000-00-00 00:00:00',	NULL),
(197,	'SE',	'Sweden',	1,	NULL,	'0000-00-00 00:00:00',	NULL),
(198,	'SG',	'Singapore',	1,	NULL,	'0000-00-00 00:00:00',	NULL),
(199,	'SH',	'Saint Helena',	1,	NULL,	'0000-00-00 00:00:00',	NULL),
(200,	'SI',	'Slovenia',	1,	NULL,	'0000-00-00 00:00:00',	NULL),
(201,	'SJ',	'Svalbard and Jan Mayen',	1,	NULL,	'0000-00-00 00:00:00',	NULL),
(202,	'SK',	'Slovakia',	1,	NULL,	'0000-00-00 00:00:00',	NULL),
(203,	'SL',	'Sierra Leone',	1,	NULL,	'0000-00-00 00:00:00',	NULL),
(204,	'SM',	'San Marino',	1,	NULL,	'0000-00-00 00:00:00',	NULL),
(205,	'SN',	'Senegal',	1,	NULL,	'0000-00-00 00:00:00',	NULL),
(206,	'SO',	'Somalia',	1,	NULL,	'0000-00-00 00:00:00',	NULL),
(207,	'SR',	'Suriname',	1,	NULL,	'0000-00-00 00:00:00',	NULL),
(208,	'SS',	'South Sudan',	1,	NULL,	'0000-00-00 00:00:00',	NULL),
(209,	'ST',	'São Tomé and Príncipe',	1,	NULL,	'0000-00-00 00:00:00',	NULL),
(210,	'SV',	'El Salvador',	1,	NULL,	'0000-00-00 00:00:00',	NULL),
(211,	'SX',	'Sint Maarten',	1,	NULL,	'0000-00-00 00:00:00',	NULL),
(212,	'SY',	'Syria',	1,	NULL,	'0000-00-00 00:00:00',	NULL),
(213,	'SZ',	'Swaziland',	1,	NULL,	'0000-00-00 00:00:00',	NULL),
(214,	'TC',	'Turks and Caicos Islands',	1,	NULL,	'0000-00-00 00:00:00',	NULL),
(215,	'TD',	'Chad',	1,	NULL,	'0000-00-00 00:00:00',	NULL),
(216,	'TF',	'French Southern Territories',	1,	NULL,	'0000-00-00 00:00:00',	NULL),
(217,	'TG',	'Togo',	1,	NULL,	'0000-00-00 00:00:00',	NULL),
(218,	'TH',	'Thailand',	1,	NULL,	'0000-00-00 00:00:00',	NULL),
(219,	'TJ',	'Tajikistan',	1,	NULL,	'0000-00-00 00:00:00',	NULL),
(220,	'TK',	'Tokelau',	1,	NULL,	'0000-00-00 00:00:00',	NULL),
(221,	'TL',	'East Timor',	1,	NULL,	'0000-00-00 00:00:00',	NULL),
(222,	'TM',	'Turkmenistan',	1,	NULL,	'0000-00-00 00:00:00',	NULL),
(223,	'TN',	'Tunisia',	1,	NULL,	'0000-00-00 00:00:00',	NULL),
(224,	'TO',	'Tonga',	1,	NULL,	'0000-00-00 00:00:00',	NULL),
(225,	'TR',	'Turkey',	1,	NULL,	'0000-00-00 00:00:00',	NULL),
(226,	'TT',	'Trinidad and Tobago',	1,	NULL,	'0000-00-00 00:00:00',	NULL),
(227,	'TV',	'Tuvalu',	1,	NULL,	'0000-00-00 00:00:00',	NULL),
(228,	'TW',	'Taiwan',	1,	NULL,	'0000-00-00 00:00:00',	NULL),
(229,	'TZ',	'Tanzania',	1,	NULL,	'0000-00-00 00:00:00',	NULL),
(230,	'UA',	'Ukraine',	1,	NULL,	'0000-00-00 00:00:00',	NULL),
(231,	'UG',	'Uganda',	1,	NULL,	'0000-00-00 00:00:00',	NULL),
(232,	'UM',	'U.S. Minor Outlying Islands',	1,	NULL,	'0000-00-00 00:00:00',	NULL),
(233,	'US',	'United States',	1,	NULL,	'0000-00-00 00:00:00',	NULL),
(234,	'UY',	'Uruguay',	1,	NULL,	'0000-00-00 00:00:00',	NULL),
(235,	'UZ',	'Uzbekistan',	1,	NULL,	'0000-00-00 00:00:00',	NULL),
(236,	'VA',	'Vatican City',	1,	NULL,	'0000-00-00 00:00:00',	NULL),
(237,	'VC',	'Saint Vincent and the Grenadines',	1,	NULL,	'0000-00-00 00:00:00',	NULL),
(238,	'VE',	'Venezuela',	1,	NULL,	'0000-00-00 00:00:00',	NULL),
(239,	'VG',	'British Virgin Islands',	1,	NULL,	'0000-00-00 00:00:00',	NULL),
(240,	'VI',	'U.S. Virgin Islands',	1,	NULL,	'0000-00-00 00:00:00',	NULL),
(241,	'VN',	'Vietnam',	1,	NULL,	'0000-00-00 00:00:00',	NULL),
(242,	'VU',	'Vanuatu',	1,	NULL,	'0000-00-00 00:00:00',	NULL),
(243,	'WF',	'Wallis and Futuna',	1,	NULL,	'0000-00-00 00:00:00',	NULL),
(244,	'WS',	'Samoa',	1,	NULL,	'0000-00-00 00:00:00',	NULL),
(245,	'XK',	'Kosovo',	1,	NULL,	'0000-00-00 00:00:00',	NULL),
(246,	'YE',	'Yemen',	1,	NULL,	'0000-00-00 00:00:00',	NULL),
(247,	'YT',	'Mayotte',	1,	NULL,	'0000-00-00 00:00:00',	NULL),
(248,	'ZA',	'South Africa',	1,	NULL,	'0000-00-00 00:00:00',	NULL),
(249,	'ZM',	'Zambia',	1,	NULL,	'0000-00-00 00:00:00',	NULL),
(250,	'ZW',	'Zimbabwe',	1,	NULL,	'0000-00-00 00:00:00',	NULL);

SET NAMES utf8mb4;

DROP TABLE IF EXISTS `email_templates`;
CREATE TABLE `email_templates` (
  `id` bigint(20) unsigned NOT NULL AUTO_INCREMENT,
  `title` varchar(255) COLLATE utf8mb4_unicode_ci DEFAULT NULL,
  `slug` varchar(255) COLLATE utf8mb4_unicode_ci DEFAULT NULL,
  `type` varchar(255) COLLATE utf8mb4_unicode_ci DEFAULT NULL,
  `subject` varchar(255) COLLATE utf8mb4_unicode_ci DEFAULT NULL,
  `content` text COLLATE utf8mb4_unicode_ci DEFAULT NULL,
  `from_email` varchar(50) COLLATE utf8mb4_unicode_ci DEFAULT NULL,
  `from_name` varchar(50) COLLATE utf8mb4_unicode_ci DEFAULT NULL,
  `is_active` tinyint(4) NOT NULL DEFAULT 1 COMMENT '0:Inactive, 1:Active',
  `record_updated` int(11) DEFAULT NULL,
  `email_variables` longtext COLLATE utf8mb4_unicode_ci DEFAULT NULL,
  `deleted_at` timestamp NULL DEFAULT NULL,
  `created_at` timestamp NULL DEFAULT NULL,
  `updated_at` timestamp NULL DEFAULT NULL,
  PRIMARY KEY (`id`)
) ENGINE=InnoDB DEFAULT CHARSET=utf8mb4 COLLATE=utf8mb4_unicode_ci;


DROP TABLE IF EXISTS `failed_jobs`;
CREATE TABLE `failed_jobs` (
  `id` bigint(20) unsigned NOT NULL AUTO_INCREMENT,
  `uuid` varchar(255) COLLATE utf8mb4_unicode_ci NOT NULL,
  `connection` text COLLATE utf8mb4_unicode_ci NOT NULL,
  `queue` text COLLATE utf8mb4_unicode_ci NOT NULL,
  `payload` longtext COLLATE utf8mb4_unicode_ci NOT NULL,
  `exception` longtext COLLATE utf8mb4_unicode_ci NOT NULL,
  `failed_at` timestamp NOT NULL DEFAULT current_timestamp(),
  PRIMARY KEY (`id`),
  UNIQUE KEY `failed_jobs_uuid_unique` (`uuid`)
) ENGINE=InnoDB DEFAULT CHARSET=utf8mb4 COLLATE=utf8mb4_unicode_ci;


DROP TABLE IF EXISTS `faqs`;
CREATE TABLE `faqs` (
  `id` bigint(20) unsigned NOT NULL AUTO_INCREMENT,
  `role_id` bigint(20) DEFAULT NULL,
  `section_type` varchar(255) COLLATE utf8mb4_unicode_ci DEFAULT NULL,
  `question` text COLLATE utf8mb4_unicode_ci DEFAULT NULL,
  `answer` text COLLATE utf8mb4_unicode_ci DEFAULT NULL,
  `is_answered` tinyint(4) NOT NULL DEFAULT 0 COMMENT '0:UnAnswered, 1:Answered',
  `question_from` bigint(20) DEFAULT NULL COMMENT 'user-Id of that user who puts the question.',
  `answered_by` bigint(20) DEFAULT NULL COMMENT 'user-Id of that user who answer the question.',
  `is_active` tinyint(4) NOT NULL DEFAULT 1 COMMENT '0:Inactive, 1:Active',
  `created_at` timestamp NULL DEFAULT NULL,
  `updated_at` timestamp NULL DEFAULT NULL,
  `deleted_at` timestamp NULL DEFAULT NULL,
  PRIMARY KEY (`id`),
  KEY `section_type` (`section_type`),
  KEY `is_answered` (`is_answered`)
) ENGINE=InnoDB DEFAULT CHARSET=utf8mb4 COLLATE=utf8mb4_unicode_ci;


DROP TABLE IF EXISTS `jobs`;
CREATE TABLE `jobs` (
  `id` bigint(20) unsigned NOT NULL AUTO_INCREMENT,
  `queue` varchar(255) COLLATE utf8mb4_unicode_ci NOT NULL,
  `payload` longtext COLLATE utf8mb4_unicode_ci NOT NULL,
  `attempts` tinyint(3) unsigned NOT NULL,
  `reserved_at` int(10) unsigned DEFAULT NULL,
  `available_at` int(10) unsigned NOT NULL,
  `created_at` int(10) unsigned NOT NULL,
  PRIMARY KEY (`id`),
  KEY `jobs_queue_index` (`queue`)
) ENGINE=InnoDB DEFAULT CHARSET=utf8mb4 COLLATE=utf8mb4_unicode_ci;


DROP TABLE IF EXISTS `log_requests_responses`;
CREATE TABLE `log_requests_responses` (
  `id` bigint(20) unsigned NOT NULL AUTO_INCREMENT,
  `request` text COLLATE utf8mb4_unicode_ci DEFAULT NULL,
  `response` text COLLATE utf8mb4_unicode_ci DEFAULT NULL,
  `url` varchar(1024) COLLATE utf8mb4_unicode_ci DEFAULT NULL,
  `ip` varchar(16) COLLATE utf8mb4_unicode_ci DEFAULT NULL,
  `created_at` timestamp NULL DEFAULT NULL ON UPDATE current_timestamp(),
  `updated_at` timestamp NULL DEFAULT NULL,
  PRIMARY KEY (`id`)
) ENGINE=InnoDB DEFAULT CHARSET=utf8mb4 COLLATE=utf8mb4_unicode_ci;


DROP TABLE IF EXISTS `migrations`;
CREATE TABLE `migrations` (
  `id` int(10) unsigned NOT NULL AUTO_INCREMENT,
  `migration` varchar(255) COLLATE utf8mb4_unicode_ci NOT NULL,
  `batch` int(11) NOT NULL,
  PRIMARY KEY (`id`)
) ENGINE=InnoDB DEFAULT CHARSET=utf8mb4 COLLATE=utf8mb4_unicode_ci;

INSERT INTO `migrations` (`id`, `migration`, `batch`) VALUES
(1,	'2014_10_12_000000_create_users_table',	1),
(2,	'2014_10_12_100000_create_password_resets_table',	1),
(3,	'2019_08_19_000000_create_failed_jobs_table',	1),
(4,	'2019_12_14_000001_create_personal_access_tokens_table',	1),
(5,	'2022_02_22_114211_create_permission_tables',	2),
(8,	'2016_06_01_000001_create_oauth_auth_codes_table',	4),
(9,	'2016_06_01_000002_create_oauth_access_tokens_table',	4),
(10,	'2016_06_01_000003_create_oauth_refresh_tokens_table',	4),
(11,	'2016_06_01_000004_create_oauth_clients_table',	4),
(12,	'2016_06_01_000005_create_oauth_personal_access_clients_table',	4),
(24,	'2021_09_09_125024_create_settings_table',	5),
(25,	'2022_02_23_091809_add_columns_to_users_table',	6),
(26,	'2022_03_03_092947_create_products_table',	7),
(27,	'2022_03_03_093654_create_product_images_table',	7);

DROP TABLE IF EXISTS `model_has_permissions`;
CREATE TABLE `model_has_permissions` (
  `permission_id` bigint(20) unsigned NOT NULL,
  `model_type` varchar(255) COLLATE utf8mb4_unicode_ci NOT NULL,
  `model_id` bigint(20) unsigned NOT NULL,
  PRIMARY KEY (`permission_id`,`model_id`,`model_type`),
  KEY `model_has_permissions_model_id_model_type_index` (`model_id`,`model_type`),
  CONSTRAINT `model_has_permissions_permission_id_foreign` FOREIGN KEY (`permission_id`) REFERENCES `permissions` (`id`) ON DELETE CASCADE
) ENGINE=InnoDB DEFAULT CHARSET=utf8mb4 COLLATE=utf8mb4_unicode_ci;


DROP TABLE IF EXISTS `model_has_roles`;
CREATE TABLE `model_has_roles` (
  `role_id` bigint(20) unsigned NOT NULL,
  `model_type` varchar(255) COLLATE utf8mb4_unicode_ci NOT NULL,
  `model_id` bigint(20) unsigned NOT NULL,
  PRIMARY KEY (`role_id`,`model_id`,`model_type`),
  KEY `model_has_roles_model_id_model_type_index` (`model_id`,`model_type`),
  CONSTRAINT `model_has_roles_role_id_foreign` FOREIGN KEY (`role_id`) REFERENCES `roles` (`id`) ON DELETE CASCADE
) ENGINE=InnoDB DEFAULT CHARSET=utf8mb4 COLLATE=utf8mb4_unicode_ci;

INSERT INTO `model_has_roles` (`role_id`, `model_type`, `model_id`) VALUES
(1,	'App\\Models\\User',	1),
(2,	'App\\Models\\User',	7),
(2,	'App\\Models\\User',	8),
(2,	'App\\Models\\User',	9),
(2,	'App\\Models\\User',	10),
(2,	'App\\Models\\User',	11),
(2,	'App\\Models\\User',	15),
(3,	'App\\Models\\User',	12),
(3,	'App\\Models\\User',	13),
(3,	'App\\Models\\User',	14);

DROP TABLE IF EXISTS `oauth_access_tokens`;
CREATE TABLE `oauth_access_tokens` (
  `id` varchar(100) COLLATE utf8mb4_unicode_ci NOT NULL,
  `user_id` bigint(20) unsigned DEFAULT NULL,
  `client_id` bigint(20) unsigned NOT NULL,
  `name` varchar(255) COLLATE utf8mb4_unicode_ci DEFAULT NULL,
  `scopes` text COLLATE utf8mb4_unicode_ci DEFAULT NULL,
  `revoked` tinyint(1) NOT NULL,
  `created_at` timestamp NULL DEFAULT NULL,
  `updated_at` timestamp NULL DEFAULT NULL,
  `expires_at` datetime DEFAULT NULL,
  PRIMARY KEY (`id`),
  KEY `oauth_access_tokens_user_id_index` (`user_id`)
) ENGINE=InnoDB DEFAULT CHARSET=utf8mb4 COLLATE=utf8mb4_unicode_ci;


DROP TABLE IF EXISTS `oauth_auth_codes`;
CREATE TABLE `oauth_auth_codes` (
  `id` varchar(100) COLLATE utf8mb4_unicode_ci NOT NULL,
  `user_id` bigint(20) unsigned NOT NULL,
  `client_id` bigint(20) unsigned NOT NULL,
  `scopes` text COLLATE utf8mb4_unicode_ci DEFAULT NULL,
  `revoked` tinyint(1) NOT NULL,
  `expires_at` datetime DEFAULT NULL,
  PRIMARY KEY (`id`),
  KEY `oauth_auth_codes_user_id_index` (`user_id`)
) ENGINE=InnoDB DEFAULT CHARSET=utf8mb4 COLLATE=utf8mb4_unicode_ci;


DROP TABLE IF EXISTS `oauth_clients`;
CREATE TABLE `oauth_clients` (
  `id` bigint(20) unsigned NOT NULL AUTO_INCREMENT,
  `user_id` bigint(20) unsigned DEFAULT NULL,
  `name` varchar(255) COLLATE utf8mb4_unicode_ci NOT NULL,
  `secret` varchar(100) COLLATE utf8mb4_unicode_ci DEFAULT NULL,
  `provider` varchar(255) COLLATE utf8mb4_unicode_ci DEFAULT NULL,
  `redirect` text COLLATE utf8mb4_unicode_ci NOT NULL,
  `personal_access_client` tinyint(1) NOT NULL,
  `password_client` tinyint(1) NOT NULL,
  `revoked` tinyint(1) NOT NULL,
  `created_at` timestamp NULL DEFAULT NULL,
  `updated_at` timestamp NULL DEFAULT NULL,
  PRIMARY KEY (`id`),
  KEY `oauth_clients_user_id_index` (`user_id`)
) ENGINE=InnoDB DEFAULT CHARSET=utf8mb4 COLLATE=utf8mb4_unicode_ci;


DROP TABLE IF EXISTS `oauth_personal_access_clients`;
CREATE TABLE `oauth_personal_access_clients` (
  `id` bigint(20) unsigned NOT NULL AUTO_INCREMENT,
  `client_id` bigint(20) unsigned NOT NULL,
  `created_at` timestamp NULL DEFAULT NULL,
  `updated_at` timestamp NULL DEFAULT NULL,
  PRIMARY KEY (`id`)
) ENGINE=InnoDB DEFAULT CHARSET=utf8mb4 COLLATE=utf8mb4_unicode_ci;


DROP TABLE IF EXISTS `oauth_refresh_tokens`;
CREATE TABLE `oauth_refresh_tokens` (
  `id` varchar(100) COLLATE utf8mb4_unicode_ci NOT NULL,
  `access_token_id` varchar(100) COLLATE utf8mb4_unicode_ci NOT NULL,
  `revoked` tinyint(1) NOT NULL,
  `expires_at` datetime DEFAULT NULL,
  PRIMARY KEY (`id`),
  KEY `oauth_refresh_tokens_access_token_id_index` (`access_token_id`)
) ENGINE=InnoDB DEFAULT CHARSET=utf8mb4 COLLATE=utf8mb4_unicode_ci;


DROP TABLE IF EXISTS `page_contents`;
CREATE TABLE `page_contents` (
  `id` bigint(20) unsigned NOT NULL AUTO_INCREMENT,
  `title` varchar(255) COLLATE utf8mb4_unicode_ci NOT NULL,
  `slug` varchar(255) COLLATE utf8mb4_unicode_ci NOT NULL,
  `content` text COLLATE utf8mb4_unicode_ci NOT NULL,
  `is_active` tinyint(4) NOT NULL DEFAULT 1 COMMENT '0:Inactive 1:Active',
  `created_at` timestamp NULL DEFAULT NULL,
  `updated_at` timestamp NULL DEFAULT NULL,
  PRIMARY KEY (`id`)
) ENGINE=InnoDB DEFAULT CHARSET=utf8mb4 COLLATE=utf8mb4_unicode_ci;

INSERT INTO `page_contents` (`id`, `title`, `slug`, `content`, `is_active`, `created_at`, `updated_at`) VALUES
(1,	'Terms and Conditions',	'terms-and-conditions',	'<p><strong>1.&nbsp;&nbsp; PRIVACY OVERVIEW</strong></p><p>BUILD IT HOME&nbsp;periodically reviews its Privacy Policy and reserves the right, at its discretion, to modify or remove portions of this policy at any time.&nbsp;BUILD IT HOME considers the responsible use of personal information to be of vital importance. This Privacy Policy may be updated by us at any time by posting on the site without any prior notice.</p><p>&nbsp;</p><p>In general, you can visit BUILD IT HOME website without revealing any personal information about yourself.&nbsp;However, there are times when information will be collected, such as when you use our contact form, for billing purposes, appraisals or in connection with community postings such as message boards or feedback to us or to receive information from us. This information may include your name, home or business address and e-mail address. Personal information will only be collected when knowingly and voluntarily submitted.</p><p>&nbsp;</p><p>Also, this Privacy Statement may be supplemented or modified by agreements entered into between us and an individual from time to time. In this Privacy Statement, personal information means any information about an identifiable individual, including contact and demographic details, not including collective information or information regarding a group in summarized form.</p><p><br><strong>Collection of Personal Information</strong></p><p>The Site’s registration form requires users to give us contact information (such as name and email address) and demographic information (and other information that is used by us to provide services. We use the customer contact information from the registration form to send the user information that he or she has requested regarding the Site or regarding services offered by us Contact information provided may be used to contact customers, when necessary, Demographic and profile data is also collected at the Site. Our online surveys ask visitors for contact information (such as email addresses) and demographic information.</p><p>&nbsp;</p><p><strong>Your Information</strong></p><p>BUILD IT HOME does not sell or rent personal information regarding our clients and their customers to any third party. The provision of your personal and or organization information regarding yourself and including any information on your clients and or customers will only be used for the purpose of providing to you and administering our products and services.</p><p>&nbsp;</p><p>BUILD IT HOME will seek your permission to send you further communications at the time you provide us with your personal information. If at any time after submitting your personal information to BUILD IT HOME you would no longer like to receive information from us, simply follow the ‘unsubscribe’ directions at the end of any e-mail communications you receive.</p><p>&nbsp;</p><p>No attempt will be made to identify users or their browsing activities except in the unlikely event of an investigation, where a law enforcement agency may exercise a warrant to inspect server logs. The statistics and log files may be preserved indefinitely and used at any time and in any way necessary to prevent security breaches and to ensure the integrity of the information supplied by BUILD IT HOME.</p><p>&nbsp;</p><p>In&nbsp;general, on BUILD IT HOME websites, IP addresses (a number that is unique to the computer through which you are connected to the internet) are logged to track a user’s session while the user remains anonymous. We&nbsp;analyse&nbsp;this data for certain trends and statistics, such as which parts of our site users are visiting and how long they spend there. In general, we do not link your IP addresses to anything personally identifiable to you. In those limited cases where session information is not anonymous, BUILD IT HOME will provide notice of the practice and an opportunity to ‘opt out.’</p><p>&nbsp;</p><p>When BUILD IT HOME receives information about your session or about you, we may also use it for research or to improve our site and the services we offer you.</p><p>&nbsp;</p><p>BUILD IT HOME does not sell or rent personal information regarding our clients and their customers to any third party. The provision of your personal and or organization information regarding yourself and including any information on your clients and or customers will only be used for the purpose of providing to you and administering our products and services.</p><p>&nbsp;</p><p>BUILD IT HOME will seek your permission to send you further communications at the time you provide us with your personal information. If at any time after submitting your personal information to BUILD IT HOME you would no longer like to receive information from us, simply follow the ‘unsubscribe’ directions at the end of any e-mail communications you receive.</p><p>&nbsp;</p><p>No attempt will be made to identify users or their browsing activities except in the unlikely event of an investigation, where a law enforcement agency may exercise a warrant to inspect server logs. The statistics and log files may be preserved indefinitely and used at any time and in any way necessary to prevent security breaches and to ensure the integrity of the information supplied by BUILD IT HOME.</p><p>&nbsp;</p><p>In&nbsp;general, on BUILD IT HOME websites, IP addresses (a number that is unique to the computer through which you are connected to the internet) are logged to track a user’s session while the user remains anonymous. We&nbsp;analyse&nbsp;this data for certain trends and statistics, such as which parts of our site users are visiting and how long they spend there. In general, we do not link your IP addresses to anything personally identifiable to you. In those limited cases where session information is not anonymous, BUILD IT HOME will provide notice of the practice and an opportunity to ‘opt out.’</p><p>&nbsp;</p><p>When BUILD IT HOME receives information about your session or about you, we may also use it for research or to improve our site and the services we offer you.</p><p>&nbsp;</p><p>We at https://buildithome.com/ (“BUILD IT HOME,” “we,” “us,” or “our”) know that our customers (“you,” “your,” or “yourself”) care about how your personal information is used and shared, and we take your privacy very seriously. Please read the following to learn more about our Privacy Policy. By visiting or using the https://buildithome.com/ website and domain name, any other linked pages, content and any other services we offer from time to time in connection with any of the foregoing (collectively, the “Website”), you agree to the practices and policies set forth in this Privacy Policy, and you hereby acknowledge and consent to our collection and use of your information as described in this Privacy Policy.</p><p>&nbsp;</p><p>we will not collect any information about you that we do not need to make your experience at BUILD IT HOME delightful and will always protect all information about you. We comply with the privacy laws in all regions that we operate in and do more to keep your information confidential. We do everything we reasonably can to protect your rights of privacy on systems and the Website controlled by us, but we are not liable for any unauthorized or unlawful disclosures of your personal and confidential information made by third parties who are not subject to our control, for&nbsp;example, advertisers and websites that have links to our website. You should take note that the information and privacy practices of our business partners, advertisers, sponsors or other sites to which we provide hyperlinks, may be different from ours. This privacy policy is subject to change at any time without notice. To make sure you are aware of any changes, please review this document periodically.</p><p>&nbsp;</p><p><strong>2. WHAT WE COLLECT</strong></p><p>When you register on BUILD IT HOME, we collect some information about you, to complete your profile on BUILD IT HOME. This may include some or all of the following:</p><ul><li>Information about your personal identity such as gender, age, preferences,&nbsp;likes, and dislikes etc.</li><li>Your contact details such as your physical addresses, postal addresses, telephone numbers etc.</li></ul><p>We only collect your Personal Information to conduct our business and to enable us to deliver and improve our Services. We do not for any reason whatsoever sell your Personal Information to any third party or otherwise trade on it.</p><p>&nbsp;</p><p><strong>3. WE DO NOT SHARE YOUR INFORMATION</strong></p><p>We will only disclose your Personal Information in accordance with this Privacy Policy. If we want to use it for any other purpose, we will obtain your prior written consent. If you decline to submit personal information to us, then we will unfortunately not be in a position to provide the Services to you. Any of your information which you provide when you use certain Services and are to an open, public environment or forum including (without limitation) any blog, community or discussion board, is not confidential, does not constitute Personal Information, and is not subject to protection under Privacy Policy. Since such public environments are accessible by third parties, it is possible that third parties may collect and collate and use such information for their own purposes. You should accordingly be careful when deciding to share any of your Personal Information in such public environments. Information, which is disclosed publicly, is also shared with our affiliates, third party service providers, sponsors of competitions etc. unless expressly stated otherwise. We are not liable to you or any third party for any damages that you or any third party may suffer howsoever arising from your disclosure of Personal Information in any public environment. You accordingly disclose information in a public environment at your own risk.</p><p>&nbsp;</p><p><strong>4. WHY WE NEED WHAT WE COLLECT</strong></p><p>We collect your Profiling and Account Information for the following reasons: (a) We need your identity details, contact details, banking information and account history to manage our relationship with you and provide Services to you. We may use this information for suggesting products and promotional offers and schemes. We will only disclose this information as provided below. (b) We use certain of your information in an aggregated form to compile statistical and demographical profiles for our business and marketing activities. We may disclose such information about you, provided that the information is in an aggregated form that is not capable of being used or interpreted in such a manner as to identify you. We collect and store your Service Usage and Transactional Information&nbsp;to:&nbsp;(a) determine and verify the Service Charges payable by you and to administer our relationship with you. (b) comply with any statutory or regulatory requirement. (c) compile statistical and demographical profiles about you for our business and marketing activities and to customise our Services to you. While we are entitled to use such information about you for our own internal business purposes without limitation, we will only disclose it in an aggregated form which is not capable of being used or interpreted in such a manner as to identify you; and (d) monitor your use of our Services for the purposes of ensuring compliance with our Terms of Service. We collect and store your Correspondence Information and Personal Identifiers&nbsp;to:&nbsp;(a) comply with our obligations under the&nbsp;law; and (b) monitor your use of our Services in order to ensure your compliance with our Terms of Service.</p><p>&nbsp;</p><p><strong>5. WHEN WE MAY NEED TO DISCLOSE YOUR INFORMATION</strong></p><p>If we are required to intercept, disclose, monitor and/or store your Personal Information: (a) by law (b) to conduct our business (c) to secure our systems and ensure the privacy of our users (d) to enforce our own rights, we will do so in the manner as prescribed by law.</p><p>&nbsp;</p><p>Such interception, disclosure,&nbsp;monitoring, and storage may take place without your knowledge. In that case, we will not be liable to you or any third party for any damages howsoever arising from such interception, disclosure,&nbsp;monitoring, and storage. In order to ensure that all our Users comply with the Terms of Service, we may monitor your Personal Information to the extent that this may be required to determine compliance and/or to identify instances of non-compliance. To ensure that the security and integrity of our Services are safeguarded, we may monitor your Personal Information. This monitoring may include (without limitation) the filtering of incoming and outgoing electronic data messages to identify, limit and/or prevent the transmission of spam, viruses and/or unlawful, defamatory, obscene or otherwise undesirable material or content. We may under certain circumstances procure an element of the Services from a third-party service provider. To the extent that it may be necessary, and solely for the purposes of providing the Service to you, you agree that we may disclose to such third party any of your Personal Information that may be necessary for the procurement of services from the third party.<br><br><strong>2. TERMS &amp; CONDITIONS</strong></p><p>Please read the following terms and conditions very carefully as your use of services are subject to your acceptance of and compliance with the following terms and conditions (“Terms”).</p><p>&nbsp;</p><p>By subscribing to or using any of our services you agree that you have read, understood and are bound by the Terms, regardless of how you subscribe to or use the services. If you do not want to be bound by the Terms, you must not subscribe to or use our services.</p><p><strong>&nbsp;</strong></p><p><strong>Legal definition</strong></p><p>In these Terms, references to “you”, “User” shall mean the end user accessing the Website, its contents and using the Services offered through the Website, “Service Providers” mean independent third-party service providers.<br><strong>Eligibility:</strong>&nbsp;You must provide true, complete and up-to-date registration information about yourself and agree to abide by these Terms. You must be legally capable to enter into contracts.<br><strong>Payment and Fees:</strong>&nbsp;The payment should be deposit in advance. Revised Option: After getting a&nbsp;plan&nbsp;from us if any change is required by you additional charges will have to pay by the customer if any commitment is not there.<br><br><strong>International Use:</strong></p><p>Recognizing the global nature of the Internet, you agree to comply with all local rules regarding online conduct. Specifically, you agree to comply with all applicable laws regarding the transmission of technical data exported from the country in which you reside. You must comply with all local laws within the territories that you access the Sites.</p><p><strong>Security</strong></p><p>Price and availability of products and services offered on the site are subject to change without prior notice. We provide information about the availability of products or services to a certain extent but you should not rely on such information.&nbsp;BUILD IT HOME will not be liable for any lack of availability of products and services you may order through the site.</p><p>&nbsp;</p><p>BUILD IT HOME sales analysts and representatives are not engineers and do not create or modify plans and designs on their own. They are only authorized to sell plans and services to BUILD IT HOME clients. Based on your requirements, qualified engineers and designers will produce and present the right plans or designs to you. Under certain conditions or for premium customers and solely at the discretion of BUILD IT HOME,BUILD IT HOME may allow direct interaction of clients with the engineering team.</p><p>&nbsp;</p><p>Building a residential or commercial structure is a complex process. Sincere efforts have been made to present architecturally sound plans and designs. The information contained herein is based on analysis and creativity of the BUILD IT HOME staff. We, however, do not vouch for the accuracy or the completeness thereof. This material is for personal information and we are not responsible for any loss incurred due to it &amp; take no responsibility whatsoever for any material, financial, mental, emotional, a&nbsp;notional&nbsp;loss which may arise from the plans and designs above.</p><p><br><strong>3. DELIVERY POLICY</strong></p><p>· Please note that https://buildithome.com delivery commitment is subject to:</p><p>· Timely payments: A project is not considered to be void if the agreed upon / listed payments are not clear.</p><p>· Timely communication from the client: If required information for successful completion of the project is not communicated to us in a timely manner. Any delay or failure of the project arising out of such situations cannot be attributed to https://buildithome.com</p><p>· Completeness of information provided by the client: If the information provided to us is incomplete and/or complete information/scope of the project (service and/or product) is not provided at the beginning of the project, https://buildithome.com is not bound to maintain its delivery.</p><p>· https://buildithome.comcom will not make any compensation for the delay of delivery under any&nbsp;circumstances&nbsp;unless there is a special agreement signed or Committed with a&nbsp;penalty&nbsp;clause for delay in delivery.</p><p><br><strong>Security</strong></p><p>BUILD IT HOME strives to ensure the security,&nbsp;integrity, and privacy of personal information submitted to our sites, and periodically updates its security measures in light of current technologies. You need to be aware of inherent risks associated with the transmission of information via the Internet.&nbsp;BUILD IT HOME cannot guarantee or warrant the security of any personal information you submit to our sites. If you have concerns in this regard, BUILD IT HOME has other ways of obtaining and providing information. Normal mail,&nbsp;telephone, and fax facilities are available.</p><p>&nbsp;</p><p>BUILD IT HOME Websites may contain advertisements and links to other websites operated by third parties. These links are meant for your convenience only. We are not responsible for the privacy policies these third-party materials. Visitors to those sites should refer to their separate privacy policies and practices before disclosing personal information.</p><p>&nbsp;</p><p><strong>Transaction Security Guarantee</strong></p><p>BUILD IT HOME respects your financial privacy and we guarantee the security of all online transactions made with us. Transactions are secured are under strict global information security standards defined for organizations handling credit holder information.</p><p>&nbsp;</p><p><strong>Transaction Failures</strong></p><p>In the event of a failed transaction, you should not worry as no amount is deducted from your credit or debit card. Failed transactions may be due to multiple reasons such as unstable internet connection and/or incorrect billing information provided.</p><p>&nbsp;</p><p>To avoid any disruption, please make sure that you have a strong internet connection once you have finalized your order and check that you have accurately provided the correct billing information. Should you encounter further difficulties in securing your payment, please feel free to contact us at +91 8302254432 and we will immediately attend to your billing concerns.</p><p><strong>For any help, Please Contact our support email: </strong><a href=\"mailto:info@buildithome.com\"><strong>info@buildithome.com</strong></a></p><p>BUILD IT HOME listens.</p><p>&nbsp;</p><p>&nbsp;</p>',	1,	'2022-06-09 12:07:04',	'2022-06-23 09:33:42'),
(2,	'Privacy Policy',	'privacy-policy',	'<p>This privacy policy sets out how&nbsp;Build it Home&nbsp;uses and protects any information that you give us when you use our website.&nbsp;Build it Home&nbsp;is committed to ensuring that your privacy is protected. Should we ask you to provide certain information by which you can be identified, then you can be assured that it will only be used in accordance with this privacy statement.Build it Home&nbsp;may change this policy from time to time by updating this page. You should check this page from time to time to ensure that you are happy with any changes. This policy is effective from 2016.</p><p>&nbsp;</p><p><strong>What we collect</strong></p><p><strong>We may collect the following information:</strong></p><ul><li>Your name &amp; contact information, including email and home address</li><li>Any other information relevant to your enquiry (IE damage type for repair enquiries or postcodes of interest for franchise enquiries)</li><li>We may also capture demographic information using data from Google’s Interest-based advertising or 3rd-party audience data (such as age, gender, and interests) with Google Analytics, to improve user experience</li></ul><p><strong>What we do with the information we gather</strong></p><p>We require this information to understand your needs and provide you with a better service, and in particular for the following reasons:.</p><ul><li>We may use the information to improve our products and services.</li><li>We may use demographic information to help improve overall user experience.</li><li>If you opt-in we may periodically send promotional emails about new products, special offers or other information which we think you may find interesting using the email address which you have provided.</li><li>From time to time, we may also use your information to contact you for market research purposes.</li><li>We may contact you by email, SMS, phone &amp; post.</li></ul><p><strong>Security</strong></p><p>We are committed to ensuring that your information is secure. In order to prevent unauthorised access or disclosure, we have put in place suitable physical, electronic and managerial procedures to safeguard and secure the information we collect online.</p><p><strong>Links to other websites</strong></p><p>Our website may contain links to other websites of interest. However, once you have used these links to leave our site, you should note that we do not have any control over that other website. Therefore, we cannot be responsible for the protection and privacy of any information which you provide whilst visiting such sites and such sites are not governed by this privacy statement. You should exercise caution and look at the privacy statement applicable to the website in question.</p><p><strong>Controlling your personal information</strong></p><p>You may choose to restrict the collection or use of your personal information in the following ways:</p><ul><li>Whenever you are asked to fill in a form on the website, look for the box that you can click to indicate that you do not want to be added to our mailing lists for marketing purposes.</li></ul><p>We will not sell, distribute or lease your personal information to third parties unless we have your permission or are required by law to do so. We may use your personal information to send you promotional information about third parties which we think you may find interesting if you tell/ have told us that you wish this to happen.</p><p>You may request details of personal information which we hold about you under the Data Protection Act 1998. A small fee will be payable. If you would like a copy of the information held on you please write to us at Build it Home, Kidderminster, Worcestershire.</p><p>If you believe that any information we are holding on you is incorrect or incomplete, please write to or email us as soon as possible, at the above address. We will promptly correct any information found to be incorrect.</p><p>&nbsp;</p>',	1,	'2022-06-09 12:07:18',	'2022-06-30 09:02:21'),
(3,	'About us',	'about-us',	'<p>BUILD IT HOME Providing the best Architectural Services Solutions in one place. We are working this field in the last 15 years. We are Jaipur, Rajasthan based Company and providing Our Services in all over India with reasonable Costing.<br>One of the biggest achievements in life is considered to be building one’s own house. Whether you are building a home on a plot or have recently purchased an apartment flat, <a href=\"https://buildithome.com/\">https://buildithome.com/</a>helps you with all your planning and design needs without needing a time consuming and expensive visit to an engineer or a designer.<br>BUILD IT HOME is a team of architects, civil engineers, interior designers and a lot of software engineers who love designing, who love construction, who love seeing a idea turn into a beautiful home.<br>BUILD IT HOME has a large collection of house plans and elevations to choose from. The collection is entirely free to browse for your next home building idea. Once you like an idea it is easy to convert it into a complete set of drawings by adding that plan to your cart at BUILD IT HOME. These drawings can be used to hire a contractor and start the construction process without having to hire an architect or a civil engineer. You may also engage BUILD IT HOME to create a totally customized house plan at a fraction of cost. You may also use BUILD IT HOME drawings in parallel to the drawings that your architect provides. Having a couple of options handy is a great idea before you make that dream house. After all, building a house is an event that takes place only 1 or 2 times in one’s lifetime. Plan wisely and plan with a lot of options.<br>The team at BUILD IT HOME wishes you good luck with your design and build efforts and is ready to assist you at any step of the constructions process. We are just a click or call away.<br><strong>Happy Building!</strong></p>',	1,	'2022-06-09 12:07:31',	'2022-06-23 09:32:44');

DROP TABLE IF EXISTS `password_resets`;
CREATE TABLE `password_resets` (
  `email` varchar(255) COLLATE utf8mb4_unicode_ci NOT NULL,
  `token` varchar(255) COLLATE utf8mb4_unicode_ci NOT NULL,
  `created_at` timestamp NULL DEFAULT NULL,
  KEY `password_resets_email_index` (`email`)
) ENGINE=InnoDB DEFAULT CHARSET=utf8mb4 COLLATE=utf8mb4_unicode_ci;


DROP TABLE IF EXISTS `permissions`;
CREATE TABLE `permissions` (
  `id` bigint(20) unsigned NOT NULL AUTO_INCREMENT,
  `name` varchar(255) COLLATE utf8mb4_unicode_ci NOT NULL,
  `guard_name` varchar(255) COLLATE utf8mb4_unicode_ci NOT NULL,
  `created_at` timestamp NULL DEFAULT NULL,
  `updated_at` timestamp NULL DEFAULT NULL,
  PRIMARY KEY (`id`),
  UNIQUE KEY `permissions_name_guard_name_unique` (`name`,`guard_name`)
) ENGINE=InnoDB DEFAULT CHARSET=utf8mb4 COLLATE=utf8mb4_unicode_ci;

INSERT INTO `permissions` (`id`, `name`, `guard_name`, `created_at`, `updated_at`) VALUES
(1,	'user-list',	'web',	'2022-02-22 08:43:25',	'2022-02-22 08:43:25'),
(2,	'user-create',	'web',	'2022-02-22 08:44:03',	'2022-02-22 08:44:03'),
(3,	'customer-list',	'web',	'2022-03-02 07:55:16',	'2022-03-02 07:55:16'),
(4,	'customer-create',	'web',	'2022-03-02 07:55:24',	'2022-03-02 07:55:24'),
(5,	'customer-edit',	'web',	'2022-03-02 07:55:35',	'2022-03-02 07:55:35'),
(6,	'customer-delete',	'web',	'2022-03-02 07:55:39',	'2022-03-02 07:55:39'),
(7,	'user-delete',	'web',	'2022-03-02 07:56:01',	'2022-03-02 07:56:01'),
(8,	'user-edit',	'web',	'2022-03-02 07:56:10',	'2022-03-02 07:56:10'),
(9,	'user-detail',	'web',	'2022-03-02 07:56:52',	'2022-03-02 07:56:52'),
(10,	'customer-detail',	'web',	'2022-03-02 07:57:01',	'2022-03-02 07:57:01');

DROP TABLE IF EXISTS `personal_access_tokens`;
CREATE TABLE `personal_access_tokens` (
  `id` bigint(20) unsigned NOT NULL AUTO_INCREMENT,
  `tokenable_type` varchar(255) COLLATE utf8mb4_unicode_ci NOT NULL,
  `tokenable_id` bigint(20) unsigned NOT NULL,
  `name` varchar(255) COLLATE utf8mb4_unicode_ci NOT NULL,
  `token` varchar(64) COLLATE utf8mb4_unicode_ci NOT NULL,
  `abilities` text COLLATE utf8mb4_unicode_ci DEFAULT NULL,
  `last_used_at` timestamp NULL DEFAULT NULL,
  `created_at` timestamp NULL DEFAULT NULL,
  `updated_at` timestamp NULL DEFAULT NULL,
  PRIMARY KEY (`id`),
  UNIQUE KEY `personal_access_tokens_token_unique` (`token`),
  KEY `personal_access_tokens_tokenable_type_tokenable_id_index` (`tokenable_type`,`tokenable_id`)
) ENGINE=InnoDB DEFAULT CHARSET=utf8mb4 COLLATE=utf8mb4_unicode_ci;


DROP TABLE IF EXISTS `products`;
CREATE TABLE `products` (
  `id` bigint(20) unsigned NOT NULL AUTO_INCREMENT,
  `title` varchar(255) COLLATE utf8mb4_unicode_ci NOT NULL,
  `name` varchar(255) COLLATE utf8mb4_unicode_ci NOT NULL,
  `quantity` bigint(20) NOT NULL,
  `price` bigint(20) NOT NULL,
  `is_active` tinyint(4) NOT NULL DEFAULT 1 COMMENT '1:Active, 0:Inactive',
  `slug` varchar(100) COLLATE utf8mb4_unicode_ci NOT NULL,
  `deleted_at` timestamp NULL DEFAULT NULL,
  `created_at` timestamp NULL DEFAULT NULL,
  `updated_at` timestamp NULL DEFAULT NULL,
  PRIMARY KEY (`id`),
  UNIQUE KEY `products_slug_unique` (`slug`)
) ENGINE=InnoDB DEFAULT CHARSET=utf8mb4 COLLATE=utf8mb4_unicode_ci;

INSERT INTO `products` (`id`, `title`, `name`, `quantity`, `price`, `is_active`, `slug`, `deleted_at`, `created_at`, `updated_at`) VALUES
(1,	'bg',	'fgdsg',	33,	43434,	1,	'fgdsg',	NULL,	'2022-06-02 10:20:49',	'2022-06-02 10:20:49');

DROP TABLE IF EXISTS `product_images`;
CREATE TABLE `product_images` (
  `id` bigint(20) unsigned NOT NULL AUTO_INCREMENT,
  `product_id` bigint(20) unsigned NOT NULL,
  `image` varchar(255) COLLATE utf8mb4_unicode_ci NOT NULL,
  `created_at` timestamp NULL DEFAULT NULL,
  `updated_at` timestamp NULL DEFAULT NULL,
  PRIMARY KEY (`id`),
  KEY `product_images_product_id_index` (`product_id`),
  CONSTRAINT `product_images_product_id_foreign` FOREIGN KEY (`product_id`) REFERENCES `products` (`id`) ON DELETE CASCADE
) ENGINE=InnoDB DEFAULT CHARSET=utf8mb4 COLLATE=utf8mb4_unicode_ci;

INSERT INTO `product_images` (`id`, `product_id`, `image`, `created_at`, `updated_at`) VALUES
(1,	1,	'1654165249_62988f01599f1.jpg',	NULL,	NULL),
(2,	1,	'1654165309_62988f3d69020.jpg',	NULL,	NULL),
(3,	1,	'1654165309_62988f3d6b0de.jpg',	NULL,	NULL);

DROP TABLE IF EXISTS `roles`;
CREATE TABLE `roles` (
  `id` bigint(20) unsigned NOT NULL AUTO_INCREMENT,
  `name` varchar(255) COLLATE utf8mb4_unicode_ci NOT NULL,
  `guard_name` varchar(255) COLLATE utf8mb4_unicode_ci NOT NULL,
  `created_at` timestamp NULL DEFAULT NULL,
  `updated_at` timestamp NULL DEFAULT NULL,
  PRIMARY KEY (`id`),
  UNIQUE KEY `roles_name_guard_name_unique` (`name`,`guard_name`)
) ENGINE=InnoDB DEFAULT CHARSET=utf8mb4 COLLATE=utf8mb4_unicode_ci;

INSERT INTO `roles` (`id`, `name`, `guard_name`, `created_at`, `updated_at`) VALUES
(1,	'Admin',	'web',	'2022-02-22 08:45:23',	'2022-02-22 08:45:23'),
(2,	'Manager',	'web',	'2022-02-22 08:45:35',	'2022-02-22 08:45:35'),
(3,	'Customer',	'web',	'2022-03-02 00:59:36',	'2022-03-02 00:59:36');

DROP TABLE IF EXISTS `role_has_permissions`;
CREATE TABLE `role_has_permissions` (
  `permission_id` bigint(20) unsigned NOT NULL,
  `role_id` bigint(20) unsigned NOT NULL,
  PRIMARY KEY (`permission_id`,`role_id`),
  KEY `role_has_permissions_role_id_foreign` (`role_id`),
  CONSTRAINT `role_has_permissions_permission_id_foreign` FOREIGN KEY (`permission_id`) REFERENCES `permissions` (`id`) ON DELETE CASCADE,
  CONSTRAINT `role_has_permissions_role_id_foreign` FOREIGN KEY (`role_id`) REFERENCES `roles` (`id`) ON DELETE CASCADE
) ENGINE=InnoDB DEFAULT CHARSET=utf8mb4 COLLATE=utf8mb4_unicode_ci;

INSERT INTO `role_has_permissions` (`permission_id`, `role_id`) VALUES
(1,	1),
(2,	1),
(3,	1),
(3,	2),
(3,	3),
(4,	1),
(4,	2),
(5,	1),
(5,	2),
(6,	1),
(7,	1),
(8,	1),
(9,	1),
(10,	1),
(10,	2),
(10,	3);

DROP TABLE IF EXISTS `settings`;
CREATE TABLE `settings` (
  `id` bigint(20) unsigned NOT NULL AUTO_INCREMENT,
  `title` varchar(255) COLLATE utf8mb4_unicode_ci DEFAULT NULL,
  `slug` varchar(100) COLLATE utf8mb4_unicode_ci DEFAULT NULL,
  `value` varchar(255) COLLATE utf8mb4_unicode_ci DEFAULT NULL,
  `field_type` varchar(255) COLLATE utf8mb4_unicode_ci DEFAULT NULL,
  `setting_type` tinyint(4) DEFAULT NULL COMMENT '1:General',
  `created_at` timestamp NULL DEFAULT current_timestamp(),
  `updated_at` timestamp NULL DEFAULT NULL ON UPDATE current_timestamp(),
  `deleted_at` timestamp NULL DEFAULT NULL,
  PRIMARY KEY (`id`),
  UNIQUE KEY `settings_slug_unique` (`slug`)
) ENGINE=InnoDB DEFAULT CHARSET=utf8mb4 COLLATE=utf8mb4_unicode_ci;

INSERT INTO `settings` (`id`, `title`, `slug`, `value`, `field_type`, `setting_type`, `created_at`, `updated_at`, `deleted_at`) VALUES
(1,	'site_name',	'site_name',	'Common-Setup',	'text',	1,	NULL,	'2022-07-06 12:25:15',	NULL),
(2,	'home_page_title',	'home_page_title',	'Common-Setup',	'text',	1,	NULL,	'2022-05-03 01:48:18',	NULL),
(3,	'logo',	'logo',	'laravel-common-setup-logo.png',	'text',	1,	NULL,	'2022-07-06 12:31:00',	NULL),
(4,	'site_mode',	'site_mode',	'2',	'text',	1,	NULL,	'2022-03-03 13:01:58',	NULL),
(5,	'site_maintenance_message',	'site_maintenance_message',	'<!DOCTYPE html PUBLIC \"-//W3C//DTD HTML 4.0 Transitional//EN\" \"http://www.w3.org/TR/REC-html40/loose.dtd\">\r\n<html><body><p>fghfghfgh<img style=\"width: 477.569px;\" data-filename=\"pexels-pixabay-461428.jpg\" src=\"/storage/files/settings/16256600900.jpeg\"></p',	'text',	1,	NULL,	'2021-07-07 17:44:50',	NULL),
(6,	'copyright_text',	'copyright_text',	'2022©Deorwine',	'text',	1,	NULL,	'2022-07-06 12:31:33',	NULL),
(7,	'favicon',	'favicon',	'laravel-common-setup-favicon.png',	'text',	1,	'2021-03-08 00:10:46',	'2022-07-06 12:31:08',	NULL),
(8,	'admin_email',	'admin_email',	'info@cashcry.com',	'text',	2,	'2021-03-08 06:49:38',	'2021-09-14 17:17:00',	NULL),
(9,	'support_email',	'support_email',	'info@cashcry.com',	'text',	2,	'2021-03-08 06:49:39',	'2021-09-14 17:17:00',	NULL),
(10,	'no_reply_email',	'no_reply_email',	'info@cashcry.com',	'text',	2,	'2021-03-08 06:49:39',	'2021-09-14 17:17:00',	NULL),
(11,	'application_from_email_address',	'application_from_email_address',	'info@cashcry.com',	'text',	2,	'2021-03-08 06:49:39',	'2021-09-14 17:17:00',	NULL),
(12,	'enable_otp',	'enable_otp',	'1',	'text',	4,	'2021-03-09 00:27:54',	'2021-03-09 00:28:11',	NULL),
(13,	'Address',	'address',	'fdudshfihsalikfnadsf',	NULL,	1,	'2022-02-24 06:15:45',	'2022-02-24 06:23:29',	NULL),
(14,	'Contact Number',	'contact_number',	'4567891325',	NULL,	1,	'2022-02-24 06:15:45',	'2022-02-24 06:23:29',	NULL);

DROP TABLE IF EXISTS `states`;
CREATE TABLE `states` (
  `id` int(11) NOT NULL AUTO_INCREMENT,
  `name` varchar(50) NOT NULL,
  `country_id` int(11) NOT NULL,
  `is_active` tinyint(4) NOT NULL DEFAULT 1 COMMENT '0:Inactive 1:Active',
  `deleted_at` timestamp NULL DEFAULT NULL,
  `created_at` timestamp NOT NULL DEFAULT '0000-00-00 00:00:00' ON UPDATE current_timestamp(),
  `updated_at` timestamp NULL DEFAULT NULL,
  PRIMARY KEY (`id`)
) ENGINE=InnoDB DEFAULT CHARSET=latin1;

INSERT INTO `states` (`id`, `name`, `country_id`, `is_active`, `deleted_at`, `created_at`, `updated_at`) VALUES
(1,	'ANDHRA PRADESH',	105,	1,	NULL,	'0000-00-00 00:00:00',	NULL),
(2,	'ASSAM',	105,	1,	NULL,	'0000-00-00 00:00:00',	NULL),
(3,	'ARUNACHAL PRADESH',	105,	1,	NULL,	'0000-00-00 00:00:00',	NULL),
(4,	'BIHAR',	105,	1,	NULL,	'0000-00-00 00:00:00',	NULL),
(5,	'GUJRAT',	105,	1,	NULL,	'0000-00-00 00:00:00',	NULL),
(6,	'HARYANA',	105,	1,	NULL,	'0000-00-00 00:00:00',	NULL),
(7,	'HIMACHAL PRADESH',	105,	1,	NULL,	'0000-00-00 00:00:00',	NULL),
(8,	'JAMMU & KASHMIR',	105,	1,	NULL,	'0000-00-00 00:00:00',	NULL),
(9,	'KARNATAKA',	105,	1,	NULL,	'0000-00-00 00:00:00',	NULL),
(10,	'KERALA',	105,	1,	NULL,	'0000-00-00 00:00:00',	NULL),
(11,	'MADHYA PRADESH',	105,	1,	NULL,	'0000-00-00 00:00:00',	NULL),
(12,	'MAHARASHTRA',	105,	1,	NULL,	'0000-00-00 00:00:00',	NULL),
(13,	'MANIPUR',	105,	1,	NULL,	'0000-00-00 00:00:00',	NULL),
(14,	'MEGHALAYA',	105,	1,	NULL,	'0000-00-00 00:00:00',	NULL),
(15,	'MIZORAM',	105,	1,	NULL,	'0000-00-00 00:00:00',	NULL),
(16,	'NAGALAND',	105,	1,	NULL,	'0000-00-00 00:00:00',	NULL),
(17,	'ORISSA',	105,	1,	NULL,	'0000-00-00 00:00:00',	NULL),
(18,	'PUNJAB',	105,	1,	NULL,	'0000-00-00 00:00:00',	NULL),
(19,	'RAJASTHAN',	105,	1,	NULL,	'0000-00-00 00:00:00',	NULL),
(20,	'SIKKIM',	105,	1,	NULL,	'0000-00-00 00:00:00',	NULL),
(21,	'TAMIL NADU',	105,	1,	NULL,	'0000-00-00 00:00:00',	NULL),
(22,	'TRIPURA',	105,	1,	NULL,	'0000-00-00 00:00:00',	NULL),
(23,	'UTTAR PRADESH',	105,	1,	NULL,	'0000-00-00 00:00:00',	NULL),
(24,	'WEST BENGAL',	105,	1,	NULL,	'0000-00-00 00:00:00',	NULL),
(25,	'DELHI',	105,	1,	NULL,	'0000-00-00 00:00:00',	NULL),
(26,	'GOA',	105,	1,	NULL,	'0000-00-00 00:00:00',	NULL),
(27,	'PONDICHERY',	105,	1,	NULL,	'0000-00-00 00:00:00',	NULL),
(28,	'LAKSHDWEEP',	105,	1,	NULL,	'0000-00-00 00:00:00',	NULL),
(29,	'DAMAN & DIU',	105,	1,	NULL,	'0000-00-00 00:00:00',	NULL),
(30,	'DADRA & NAGAR',	105,	1,	NULL,	'0000-00-00 00:00:00',	NULL),
(31,	'CHANDIGARH',	105,	1,	NULL,	'0000-00-00 00:00:00',	NULL),
(32,	'ANDAMAN & NICOBAR',	105,	1,	NULL,	'0000-00-00 00:00:00',	NULL),
(33,	'UTTARANCHAL',	105,	1,	NULL,	'0000-00-00 00:00:00',	NULL),
(34,	'JHARKHAND',	105,	1,	NULL,	'0000-00-00 00:00:00',	NULL),
(35,	'CHATTISGARH',	105,	1,	NULL,	'0000-00-00 00:00:00',	NULL);

DROP TABLE IF EXISTS `users`;
CREATE TABLE `users` (
  `id` bigint(20) unsigned NOT NULL AUTO_INCREMENT,
  `name` varchar(255) COLLATE utf8mb4_unicode_ci NOT NULL,
  `email` varchar(255) COLLATE utf8mb4_unicode_ci DEFAULT NULL,
  `mobile_no` varchar(255) COLLATE utf8mb4_unicode_ci DEFAULT NULL,
  `image` varchar(255) COLLATE utf8mb4_unicode_ci DEFAULT NULL,
  `lang` varchar(255) COLLATE utf8mb4_unicode_ci NOT NULL DEFAULT 'en',
  `is_active` tinyint(4) NOT NULL DEFAULT 1 COMMENT '1: Active 0:Inactive',
  `email_verified_at` timestamp NULL DEFAULT NULL,
  `password` varchar(255) COLLATE utf8mb4_unicode_ci NOT NULL,
  `remember_token` varchar(100) COLLATE utf8mb4_unicode_ci DEFAULT NULL,
  `created_at` timestamp NULL DEFAULT NULL,
  `updated_at` timestamp NULL DEFAULT NULL,
  `deleted_at` timestamp NULL DEFAULT NULL,
  PRIMARY KEY (`id`),
  UNIQUE KEY `users_email_unique` (`email`),
  UNIQUE KEY `users_mobile_no_unique` (`mobile_no`)
) ENGINE=InnoDB DEFAULT CHARSET=utf8mb4 COLLATE=utf8mb4_unicode_ci;

INSERT INTO `users` (`id`, `name`, `email`, `mobile_no`, `image`, `lang`, `is_active`, `email_verified_at`, `password`, `remember_token`, `created_at`, `updated_at`, `deleted_at`) VALUES
(1,	'Admin',	'admin@gmail.com',	'8596325698',	NULL,	'en',	1,	'2022-02-21 04:24:49',	'$2y$10$B.TNO13xUWOR6D9AQhXese/toe/qSJD2ODoI3t9LbdgaW2wRIaKHe',	NULL,	'2022-02-21 04:24:49',	'2022-02-25 06:52:19',	NULL),
(4,	'cxczcZ',	'dsadxZ@fdsfsaf.com',	'9658745698',	NULL,	'en',	1,	NULL,	'$2y$10$grH/5Xq2.0hQK5eLHZPhke4ObHx4yBgHWx88JQh8AAcO2Ss0BJcxC',	NULL,	'2022-02-22 08:48:30',	'2022-02-22 08:48:30',	NULL),
(5,	'cxczcZ',	'dsadxZsasa@fdsfsaf.com',	NULL,	NULL,	'en',	1,	NULL,	'$2y$10$lavRGq.xmAt573QLz61mm.S1XnLO1mWLKAJDCEivmGRVwycWB3BtW',	NULL,	'2022-02-22 08:50:32',	'2022-02-22 08:50:32',	NULL),
(6,	'cxczcZ',	'dsadxZsasasasa@fdsfsaf.com',	NULL,	NULL,	'en',	1,	NULL,	'$2y$10$F7AQtqsvsWM00Y.X8LXCaupFIU411x4EEZylmFMAJmjy1eGczqIiu',	NULL,	'2022-02-22 08:50:55',	'2022-02-22 08:50:55',	NULL),
(7,	'fdsfdsf',	'fdfsaffdsfsfdsfdsa@fdsfsaf.com',	NULL,	NULL,	'en',	1,	NULL,	'$2y$10$mfgrNMGfIkL93YEDYbBRf.3YaLqjByHxLatumX6RMasOLUGOiVZAS',	NULL,	'2022-02-06 08:52:41',	'2022-02-22 08:52:41',	NULL),
(8,	'bvgfdg',	'gfdgfdsgfxv@gmail.com',	NULL,	NULL,	'en',	1,	NULL,	'$2y$10$3XfJAVBb2fcNyov8Y9Bat.7oL5M0GyhLMeJhUHJits46p.Eyqqb6q',	NULL,	'2022-02-22 08:53:32',	'2022-02-22 08:53:32',	NULL),
(9,	'ddsadsad',	'sdadsadqq@gmail.com',	NULL,	NULL,	'en',	1,	NULL,	'$2y$10$pi/oSlaAyGDynlCcmifdDOwKXDBmsP0akR2dWytuAK623T.4hzSYm',	NULL,	'2022-02-22 23:59:19',	'2022-02-23 01:33:54',	NULL),
(10,	'max',	'test@yopmail.com',	NULL,	'1645615122_62161812d3c55.jpg',	'en',	0,	NULL,	'$2y$10$ymcRcI9VRCXpftacWhW6devhCEggG4PJtPKZFCDr4/.zN29kR/GFG',	NULL,	'2022-02-08 05:48:42',	'2022-02-28 08:43:20',	NULL),
(11,	'xdadcfs',	'dsadsada@gmail.com',	'8956231457',	'1646135844_621e0a24643e1.jpg',	'en',	1,	NULL,	'$2y$10$qBmPRFDaa4PeCtyay2rUvOhOAZUNu8idEz/MLhdHlJBu8jJfGILja',	NULL,	'2022-02-24 08:04:59',	'2022-03-01 06:27:24',	NULL),
(12,	'Aditya',	'aditya@yopmail.com',	'8956231459',	NULL,	'en',	1,	NULL,	'$2y$10$I9mUlv25Vh23aPeI.MG14..Xk3Z/B7juOQ9shTCI9rAgF8xdAR206',	NULL,	'2022-03-02 05:12:25',	'2022-03-02 05:36:56',	NULL),
(13,	'Naman',	'naman@yopmail.com',	'7896541235',	NULL,	'en',	1,	NULL,	'$2y$10$BUbPuUl.cshHqAzZwQmMmOJB9A6Jrh5yTG8c2CdO1MGEK5GD7qTfu',	NULL,	'2022-03-02 06:10:26',	'2022-03-02 06:10:26',	NULL),
(14,	'test dfsdf',	'mike001@gmail.com',	'9950686795',	'1646312795_6220bd5bdcd49.png',	'en',	0,	NULL,	'$2y$10$csK9is91C5nxmmm8Pisb1e.R1I2W40jrQr.UQ0jc5eoOqGhT/sAz6',	NULL,	'2022-03-03 13:06:35',	'2022-03-03 13:46:07',	NULL),
(15,	'demo',	'demo@demo.com',	'1324567892',	'1651563232_6270dae002ad6.jpeg',	'en',	1,	NULL,	'$2y$10$TmIHq1clo5HMi0BdRZrG1eBikn6X.T3JMEAiks7x/8EdXtsnGkzhm',	NULL,	'2022-05-03 02:03:52',	'2022-05-03 02:03:52',	NULL);

-- 2022-07-06 12:44:53
